Raw Value,Normalized Value,Record Count,Category,Changed,Sample Toys
"necklace","Necklace",60,"accessory",YES,"JDR48, JHK29, JHK30"
"Shoes","Shoe",38,"shoes",YES,"JBJ49, JGG38, JJN59"
"Shoes-Rt","Shoes RT",31,"shoes",YES,"JBH89, JGP21, JJV48"
"Torso-Front","Torso Front",31,"body",YES,"JJY39, JJY40, JMP74"
"Necklace","Necklace",31,"accessory",NO,"HRM35, JBH81, JBJ05"
"Belt","Belt",28,"belt",NO,"JBJ06, JBJ16, JBJ43"
"dog body Lt","Dog Body LT",28,"body",YES,"JFP36, JFP37, JFP38"
"Earring-Lt ","Earring LT",26,"accessory",YES,"JLT55, JNC38, JPL29"
"Torso-Ft","Torso FT",25,"body",YES,"JJY03, JLK25, JLP17"
"Boot-Rt","Boot RT",24,"footwear",YES,"JBH88, JBJ37, JJX75"
"Earrings-R","Earrings R",24,"earrings",YES,"JBH68, JBJ24, JJN73"
"Hat","Hat",23,"hat",NO,"JBH88, JBJ45, JGP45"
"Roof","Roof",21,"roof",NO,"JJB41, JLH84, JLH85"
"earrings lt","Earrings LT",21,"earrings",YES,"JHK32, JHK33, JHK43"
"Torso Ft","Torso FT",20,"body",YES,"JLJ10, JLV19, JLW56"
"Sunglasses","Sunglasses",20,"sunglasses",NO,"JJV59, JJX48, JJX94"
"Torso-FT","Torso FT",20,"body",YES,"JKH55, JKH56, JKH57"
"purse","Purse",20,"purse",YES,"JHK30, JLT59, JLT60"
"Shoe lt","Shoe LT",20,"footwear",YES,"JDR54, JDR55, JDR56"
"shoes rt","Shoes RT",19,"shoes",YES,"JHK43, JHK44, JHK45"
"EARRINGS-R","Earrings R",18,"earrings",YES,"JJX38, JJX39, JMP45"
"mask","Mask",18,"mask",YES,"JDR54, JDR55, JDR56"
"Torso-Ft-Upper","Torso FT Upper",18,"body",YES,"JKH62, JKH63"
"Frame","Frame",17,"frame",NO,"JBJ49, JFL61, JHL47"
"Torso-FT-Suit","Torso FT Suit",17,"body",YES,"JKH55, JKH57, JKH58"
"shoes","Shoe",17,"shoes",YES,"JFP38, JJV59, JKH57"
"belt","Belt",17,"belt",YES,"JBJ36, JDR48, JJY04"
"Drink Floaty","Drink Floaty",17,"drink",NO,"JRF17, JRF18, JRF19"
"earring lt","Earring LT",16,"accessory",YES,"JDR48, JHK30, JHL63"
"Shoe-Rt","Shoe RT",16,"footwear",YES,"JBJ43, JJX87, JMV24"
"Arm-Upper-Rt","Arm Upper RT",16,"arm",YES,"JGP21, JJY03, JKH62"
"Headband","Headband",15,"headband",NO,"JBJ05, JBJ12, JKH62"
"VISOR HAT","Visor Hat",15,"visor",YES,"JHK39, JHK40, JHK41"
"Sandals-Lt","Sandals LT",15,"sandals",YES,"JRF17, JRF18, JRF19"
"Bag","Bag",15,"bag",NO,"JJX94, JMG69, JMV17"
"Cooler cover","Cooler Cover",14,"cover",YES,"JRF17, JRF18, JRF19"
"shoes lt","Shoes LT",14,"shoes",YES,"JDR48, JHK29, JHK33"
"Hand-Rt","Hand RT",14,"hand",YES,"HYM38, JBJ31, JGP21"
"Torso-Upper-Ft","Torso Upper FT",14,"body",YES,"HYM38, JGP21, JJY15"
"Bracelet","Bracelet",14,"accessory",NO,"JGP47, JJN73, JMP53"
"horse body lt rt","Horse Body LT RT",14,"body",YES,"JHH07, JHH09"
"Bottle","Bottle",14,"bottle",NO,"JDR54, JDR55, JDR56"
"headband","Headband",14,"headband",YES,"JHK32, JJX35, JJX36"
" Earrings lt","Earrings LT",14,"earrings",YES,"JDR54, JDR55, JDR56"
"Ring","Ring",13,"accessory",NO,"JGL50, JHL49, JJN58"
"dog head Ft","Dog Head FT",13,"head",YES,"JFP36, JFP37, JFP38"
"Bodice-Ft","Bodice FT",13,"bodice",YES,"JHL50, JHL51, JLP19"
"Tiara","Tiara",13,"accessory",NO,"JJX47, JJY15, JLW56"
"bag","Bag",13,"bag",YES,"JDR48, JHK31, JHK32"
"Comb","Comb",13,"comb",NO,"JDR54, JDR55, JDR56"
"TENNIS RACQUET","Tennis Racquet",13,"tennis",YES,"JHK39, JHK40, JHK41"
"Torso-Front-lower","Torso Front Lower",13,"body",YES,"JJY39, JJY40, JMP74"
"Cape","Cape",12,"cape",NO,"JJV55, JJV56, JLJ10"
"TALL BOOTS-R","Tall Boots R",12,"tall",YES,"JMP46, JMP47"
"shoe lt","Shoe LT",12,"footwear",YES,"JPR42, JPR43, JPR44"
"Neckalce","Neckalce",11,"neckalce",NO,"JHL49, JHL50, JHL51"
"glass","Glass",11,"glass",YES,"JHK29, JHK30, JHK31"
"-","",11,"other",YES,"JFP36, JHK33, JHK34"
"Arm Rt","Arm RT",11,"arm",YES,"JGL50, JLJ10, JLV19"
"boots lt","Boots LT",11,"boots",YES,"JHK30, JHK31, JHK32"
"Skirt","Skirt",11,"clothing",NO,"JJP93, JJP94, JKH63"
"Handbag","Handbag",11,"handbag",NO,"JDR54, JDR55, JDR56"
"PLATFORM SANDALS RT","Platform Sandals RT",11,"base",YES,"JPD88, JPD89, JPD90"
"Base","Base",11,"base",NO,"JLH83, JLJ09"
"Balcony","Balcony",11,"balcony",NO,"JLT63, JLT64, JLT65"
"Crown","Crown",11,"accessory",NO,"JHL63, JJX56, JLH83"
"FD Torso Ft","Fd Torso FT",11,"body",YES,"JLT59, JRD72"
"Harness","Harness",11,"harness",NO,"JDR55, JDR56, JDR57"
"Elbow-Connector","Elbow Connector",10,"connector",YES,"HYM38, JGG38, JJX29"
"Hair","Hair",10,"hair",NO,"JJP93, JJP94"
"Shoe","Shoe",10,"footwear",NO,"JJN62, JKP51, JNC38"
"ARM LT","Arm LT",10,"arm",YES,"JHK42, JRD72"
"hand lt","Hand LT",10,"hand",YES,"JDR48, JHK46, JLT53"
"Arch","Arch",10,"arch",NO,"JHH07, JHH08, JHH09"
"Wheel","Wheel",10,"wheel",NO,"JJV55, JLH83, JRV66"
"Leg-Upper-Rt","Leg Upper RT",10,"leg",YES,"JJY03, JPR92"
"Hand Bag Front","Hand Bag Front",10,"hand",NO,"JMJ47"
"top wall","Top Wall",10,"top",YES,"JLT63, JLT64, JLT65"
"BELT","Belt",10,"belt",YES,"JMP46, JMP47, JMP48"
"arm lt","Arm LT",10,"arm",YES,"JDR54, JDR56, JMG71"
"Shoes-R","Shoes R",9,"shoes",YES,"HRM35, JBJ15, JBJ24"
"Butterfly-Suitcatse-base","Butterfly Suitcatse Base",9,"base",YES,"JMV17, JMV18, JMV19"
"headphone","Headphone",9,"headphone",YES,"JMG70, JMG73, JMJ47"
"Headband ","Headband",9,"headband",YES,"JLT59, JNB00, JNC38"
"Head","Head",9,"head",NO,"JJP93, JJP94"
"Headphone","Headphone",9,"headphone",NO,"JJN52, JJN58, JPL16"
"HAIR","Hair",9,"hair",YES,"JHH08, JPL74, JRD73"
"LEGWARMERS","Legwarmers",9,"legwarmers",YES,"JHK39, JHK40, JHK41"
"Door LT","Door LT",9,"door",NO,"JLT63, JLT64, JLT65"
"Flower","Flower",9,"flower",NO,"JJN58, JLM94, JLT64"
"Helmet-Ft.","Helmet FT",9,"helmet",YES,"JBJ28, JKF77"
"Hip","Hip",9,"hip",NO,"JJP93, JJP94"
"Body","Body",9,"body",NO,"JJP93, JJP94"
"Side Wall Lt","Side Wall LT",9,"side",YES,"JFG30, JLJ09, JNW72"
"BOOTS-R","Boots R",9,"boots",YES,"JJX39, JMP45, JMP48"
"torso ft","Torso FT",8,"body",YES,"JHK43, JHK44, JHK45"
"Latch","Latch",8,"latch",NO,"JTP41, JTP42"
"choker","Choker",8,"choker",YES,"JMG68, JMG69, JMG70"
"Upper-Arm-Rt","Upper Arm RT",8,"arm",YES,"JJY15, JLP17"
"Cat-head","Cat Head",8,"head",YES,"JKP50, JMP50"
"FLOOR","Floor",8,"floor",YES,"JHH07, JHH08"
"House FT","House FT",8,"house",NO,"JLT63"
"hand-Rt","Hand RT",8,"hand",YES,"JGP25, JLT55, JPV19"
"Dog","Dog",8,"dog",NO,"JJV60, JJV61"
"Rapunzel-Bodice-Ft","Rapunzel Bodice FT",8,"rapunzel",YES,"JLK28, JLK30, JLK36"
"Headpiece","Headpiece",8,"headpiece",NO,"JBJ16, JGL50, JJX62"
"sign","Sign",8,"sign",YES,"JLT63, JLT64, JLT65"
"Basket","Basket",8,"basket",NO,"JJP88, JLK35, JPL74"
"leg lt","Leg LT",8,"leg",YES,"JDR54, JDR56"
"GLASSES","Glasses",8,"glasses",YES,"JHK34, JHK42, JJX60"
"boot lt","Boot LT",8,"footwear",YES,"JMG68, JMG69, JMG70"
"large sign","Large Sign",8,"large",YES,"JLT63, JLT64, JLT65"
"BODY FENCE BACK","Body Fence Back",7,"body",YES,"JHH07, JHH08"
"FRONT CASE","Front Case",7,"front",YES,"JTP41, JTP42"
"FOUNTAIN base & Fountain","Fountain Base & Fountain",7,"base",YES,"JJP91"
"Gothel Torso Lower","Gothel Torso Lower",7,"body",NO,"JJV56"
"Lower-Leg-Rt","Lower Leg RT",7,"leg",YES,"JJY15, JMV18, JMV19"
"FLYNN RIDER UPPER ARM RT","Flynn Rider Upper Arm RT",7,"arm",YES,"JHH02"
"Maleficent Torso Lower","Maleficent Torso Lower",7,"body",NO,"JJV55"
"Torso upper FT","Torso Upper FT",7,"body",YES,"JLX47"
"Mask","Mask",7,"mask",NO,"JJX97, JMV25, JTP17"
"HAIRCLIP","Hairclip",7,"hairclip",YES,"JMP46, JMP47"
"BAG ","Bag",7,"bag",YES,"JHK34, JRF23"
"Earring-Stud-Rt","Earring Stud RT",7,"accessory",YES,"JJX47, JPT88"
"Suitcase-stick","Suitcase Stick",7,"suitcase",YES,"JMV16, JMV17, JMV18"
"JJB33-001-torso-ft","Torso FT",7,"body",YES,"JJB33"
"Suitcase Front","Suitcase Front",7,"suitcase",NO,"JMJ47"
"dog tail","Dog Tail",7,"dog",YES,"JFP36, JFP37, JFP38"
"NECKLACE","Necklace",7,"accessory",YES,"JBJ31, JHK34, JMP48"
"PERFUME JAR","Perfume Jar",7,"perfume",YES,"JPD88, JPD89, JPD90"
"Earring-Lt","Earring LT",7,"accessory",YES,"JJX58, JJX65, JNG38"
"Scepter Shelf","Scepter Shelf",7,"scepter",NO,"JHL49, JPR42"
"Rapunzel-Arm Upper-Lt","Rapunzel Arm Upper LT",7,"arm",YES,"JLK28, JLK30, JLK36"
"Booties LT","Booties LT",7,"booties",NO,"JPD81, JTJ05"
"Scepter-housing","Scepter Housing",7,"scepter",YES,"JPR42"
"Arms with neck","Arms With Neck",7,"neck",YES,"JJP93, JJP94"
"Rapunzel-Torso-Ft","Rapunzel Torso FT",7,"body",YES,"JLK28, JLK30"
"Hip ball Rt","Hip Ball RT",7,"hip",YES,"JJX29, JPR92"
"SHOES-R","Shoes R",7,"shoes",YES,"JBJ31, JJX60, JJY07"
"Arm-Shoulder-Rt","Arm Shoulder RT",7,"arm",YES,"JGP21, JJY03, JPR92"
"Scepter-Base","Scepter Base",7,"base",YES,"JHL49, JPR42"
"Legs","Leg",7,"legs",YES,"JJP93, JJP94"
"Hand-Rt.","Hand RT",7,"hand",YES,"JBJ12, JGG38, JJY39"
"Backpack","Backpack",7,"backpack",NO,"JKN62, JRJ36"
"Pelvis Ft","Pelvis FT",6,"pelvis",YES,"JHK34"
"TIARA","Tiara",6,"accessory",YES,"JHG93"
"Leg-Lower-Rt","Leg Lower RT",6,"leg",YES,"JGP21"
"PERFUME JAR COVER","Perfume Jar Cover",6,"cover",YES,"JPD88, JPD89, JPD90"
"Earring LT","Earring LT",6,"accessory",NO,"JBJ05, JGL50"
"snow could parasol lt","Snow Could Parasol LT",6,"snow",YES,"JPK57"
"Torso Upper Ft","Torso Upper FT",6,"body",YES,"JJX29, JPR92"
"Roller-clip","Roller Clip",6,"clip",YES,"JGG38"
"Bodice-Armor-ft","Bodice Armor FT",6,"bodice",YES,"JJX56"
"Left-High-heel-leg ","Left High Heel Leg",6,"leg",YES,"JKH62, JKH63"
"Seat","Seat",6,"seat",NO,"JHL60, JJP88"
"Treasure-chest","Treasure Chest",6,"treasure",YES,"JLK36"
"Camera-flashlight","Camera Flashlight",6,"camera",YES,"JRJ35"
"BODY FENCE LT RT","Body Fence LT RT",6,"body",YES,"JHH07, JHH08"
"Ankle-connector","Ankle Connector",6,"connector",YES,"JLW51, JLW52"
"Pole Base","Pole Base",6,"base",NO,"JMJ46"
" Leg Lt","Leg LT",6,"leg",YES,"JRD72"
"snack cover","Snack Cover",6,"cover",YES,"JDR48"
"Post","Post",6,"post",NO,"JJB41, JLX39"
"horse reins","Horse Reins",6,"horse",YES,"JHH07, JHH09"
"PVC SKIRT","Pvc Skirt",6,"clothing",YES,"JPL74"
"Scepter-lid","Scepter Lid",6,"cover",YES,"JPR42"
"Carpet","Carpet",6,"carpet",NO,"JLK36"
" FT DOOR","FT Door",6,"ft",YES,"JHH07, JHH08, JHH09"
"FLYNN RIDER LOWER ARM RT","Flynn Rider Lower Arm RT",6,"arm",YES,"JHH02"
"Boot-Lt","Boot LT",6,"footwear",YES,"JJX48, JPR88"
"TRANSPARENT COVER","Transparent Cover",6,"cover",YES,"JTP41, JTP42"
"beauty storage box","Beauty Storage Box",6,"packaging",YES,"JHK43, JHK46"
"FLYNN RIDER UPPER TORSO FT","Flynn Rider Upper Torso FT",6,"body",YES,"JHH02"
"torso front","Torso Front",6,"body",YES,"JDR54, JDR56"
"RING","Ring",6,"accessory",YES,"JJX30, JJY07"
"bag chain","Bag Chain",6,"bag",YES,"JPL13, JPL15"
"MOM TORSO FT","Mom Torso FT",6,"body",YES,"JLJ06"
"Lower-Arm-Rt","Lower Arm RT",6,"arm",YES,"JJY15, JLP17"
"bracelet","Bracelet",6,"accessory",YES,"JHK31, JLT60, JPD88"
"Helmet-Inner-Visor","Helmet Inner Visor",6,"helmet",YES,"JBJ28, JKF77"
"Katrina Torso Upper Ft.","Katrina Torso Upper FT",6,"body",YES,"JHK34"
"Boot-Rt.","Boot RT",6,"footwear",YES,"JBH81, JBH93, JBJ38"
"SUNGLASSES","Sunglasses",6,"sunglasses",YES,"JJX38, JJX39"
"JJB36-001-torso-ft","Torso FT",6,"body",YES,"JJB36"
"Chair","Chair",6,"chair",NO,"JLT64, JLT65"
"Doll-Stand-Post","Doll Stand Post",6,"base",YES,"HYM38, JJY15, JMV26"
"bottle lt","Bottle LT",6,"bottle",YES,"JRD72"
"carriage body Lt, Rt","Carriage Body Lt, RT",6,"body",YES,"JLH83"
"Hair-clip","Hair Clip",6,"hair",YES,"JJV48, JLK25, JMP50"
"Brush","Brush",6,"brush",NO,"JGG38, JHL60, JMH18"
"Straight-RT-Arm","Straight RT Arm",6,"arm",YES,"JJY39, JMP74"
"Earring Rt","Earring RT",6,"accessory",YES,"JHK29, JPL54"
"Face-skin","Face Skin",6,"face",YES,"JMV25"
"Nokk Body LT RT","Nokk Body LT RT",6,"body",NO,"JHH08"
"Shoe-Bottom-Lt","Shoe Bottom LT",5,"footwear",YES,"JJX53, JJX56"
"Headband Top","Headband Top",5,"headband",NO,"JPD80"
"doll stand base","Doll Stand Base",5,"base",YES,"JLP19, JLT59"
"Balloon Handle","Balloon Handle",5,"handle",NO,"JPD80, JPD81"
"Hand-Lt","Hand LT",5,"hand",YES,"JJV48, JKH63"
"Hand","Hand",5,"hand",NO,"JMV26"
"Barbie-Bag-Ft.","Barbie Bag FT",5,"barbie",YES,"JJN95, JPL15"
"2nd floor","2nd Floor",5,"2nd",YES,"JLT63, JLT65"
"Earring-Rt","Earring RT",5,"accessory",YES,"JBH80, JJX62"
"EARRINGS LT","Earrings LT",5,"earrings",YES,"JHK39, JHK40, JHK42"
"Hair curler-cover","Hair Curler Cover",5,"hair",YES,"JGG36"
"Evil Queen Head","Evil Queen Head",5,"head",NO,"JPL71"
"Glove-R","Glove R",5,"glove",YES,"JMP48, JMP53"
"Gittler gem-A","Gittler Gem A",5,"gittler",YES,"JHL49, JLK28, JLK30"
"Eye-mask","Eye Mask",5,"eye",YES,"JGG38, JML08"
"Gauntlets-Rt","Gauntlets RT",5,"gauntlets",YES,"JJY03, JKG65"
"Front-Wheel","Front Wheel",5,"wheel",YES,"JRJ36"
"Fan-front","Fan Front",5,"fan",YES,"JKP51"
"Table","Table",5,"table",NO,"JLT65, JLV22"
"Sword","Sword",5,"sword",NO,"JJY03, JKG65"
"sunglasses","Sunglasses",5,"sunglasses",YES,"JDR48, JMB81"
"upper-Leg-Rt-Outer","Upper Leg RT Outer",5,"leg",YES,"JGP25"
"Sunglass","Sunglass",5,"sunglass",NO,"JMV16, JMV17, JMV19"
"Upper-Leg-Rt.","Upper Leg RT",5,"leg",YES,"JGG38, JMP46"
"spinning wall","Spinning Wall",5,"spinning",YES,"JNK62"
"SNOW BIRD","Snow Bird",5,"snow",YES,"JJP91"
"SNEAKERS LT","Sneakers LT",5,"sneakers",YES,"JHK39, JHK40, JHK42"
"sled handle lt/rt","Sled Handle Lt/rt",5,"handle",YES,"JJP87"
"Boots-R","Boots R",5,"boots",YES,"JBJ36, JMP50"
"Boots-Strap-Rt","Boots Strap RT",5,"boots",YES,"JJX55"
"bottle cover","Bottle Cover",5,"cover",YES,"JRD72"
"SHOES LT","Shoes LT",5,"shoes",YES,"JHK34"
"Shoes-L","Shoes L",5,"shoes",YES,"JMV26"
"Head-dress-ear","Head Dress Ear",5,"head",YES,"JLT53"
"bridge","Bridge",5,"bridge",YES,"JLJ10"
"Buckle","Buckle",5,"buckle",NO,"JBH88, JJN70"
"upper arm lt","Upper Arm LT",5,"arm",YES,"JDR48, JLT59"
"Butterfly Bag-R","Butterfly Bag R",5,"butterfly",YES,"JPL09"
"Cage-body-lower","Cage Body Lower",5,"body",YES,"JMV26"
"BACK CASE","Back Case",5,"back",YES,"JTP41"
"Cage-Top","Cage Top",5,"cage",YES,"JRJ36"
"back pack cover","Back Pack Cover",5,"cover",YES,"JMB82"
"ring","Ring",5,"accessory",YES,"JLT54, JRD77"
"Back side wall Lt","Back Side Wall LT",5,"back",YES,"JLJ09"
"Back wall","Back Wall",5,"back",YES,"JLJ09"
"Cart body","Cart Body",5,"body",YES,"JTP41"
"Purse","Purse",5,"purse",NO,"JKP51, JRT63"
"apple","Apple",5,"apple",YES,"JLT56"
"post","Post",5,"post",YES,"JNK62, JPK57"
"Pillow-Top","Pillow Top",5,"pillow",YES,"JFJ80"
"Petite-Torso-Ft","Petite Torso FT",5,"body",YES,"JHL49, JMP46"
"C-clip","C Clip",5,"clip",YES,"JJP88, JPR92, JTR73"
"C-Clip","C Clip",5,"clip",YES,"JJX56, JLK36"
"bag ","Bag",5,"bag",YES,"JMG70, JMG71"
"CHAIR","Chair",5,"chair",YES,"JJP93, JKB64"
"Moon","Moon",5,"moon",NO,"JGL50, JMV26"
"Monkey-head","Monkey Head",5,"head",YES,"JLK36"
"Mice-Tool-Lt","Mice Tool LT",5,"mice",YES,"JLK35"
"Cindy Plate","Cindy Plate",5,"cindy",NO,"JTP41"
"Circus Earrings LT","Circus Earrings LT",5,"circus",NO,"JPD82, JTK70"
"lower arm lt","Lower Arm LT",5,"arm",YES,"JDR48, JLT59"
"Lollipop","Lollipop",5,"lollipop",NO,"JJB41, JTK70"
"comb","Comb",5,"comb",YES,"JHK45, JPR42"
"Lip-compact","Lip Compact",5,"lip",YES,"JKP50"
"Torso FT","Torso FT",5,"body",NO,"JPD90"
"Leg LT","Leg LT",5,"leg",NO,"JBJ50, JRF20"
"customized pin","Customized Pin",5,"customized",YES,"JPR42, JPR43, JPR44"
"Torso-Front-upper","Torso Front Upper",5,"body",YES,"JNJ61"
"Knee-Connector","Knee Connector",5,"connector",YES,"HYM38, JGG38, JLP17"
"knee connector","Knee Connector",5,"connector",YES,"JGP25, JLT59"
"JJB33-003-Bent arm-rt","Bent Arm RT",5,"arm",YES,"JJB33"
"Horse mane / tail","Horse Mane / Tail",5,"horse",YES,"JHH07"
"Horse mane","Horse Mane",5,"horse",YES,"JHH09"
"Torso Front","Torso Front",5,"body",NO,"JNW74"
"Trunk","Trunk",4,"trunk",NO,"JML08"
"Shoes-Lt","Shoes LT",4,"shoes",YES,"JMH18, JMH19, JPR92"
"BOTTOM SKIRT","Bottom Skirt",4,"clothing",YES,"JHG93"
"shop sign","Shop Sign",4,"shop",YES,"JNK62"
"Shoulder-armor ","Shoulder Armor",4,"shoulder",YES,"JPV22"
"Heart-Charm","Heart Charm",4,"heart",YES,"JFJ80, JNG38"
"Right-leg","Right Leg",4,"leg",YES,"JLW51, JLW52"
"dog bow","Dog Bow",4,"dog",YES,"JFP36, JFP37"
"Wing-Rt","Wing RT",4,"wing",YES,"JPV22"
"Right-Frame","Right Frame",4,"frame",YES,"JTP16"
"Ribbon","Ribbon",4,"ribbon",NO,"JRN02"
"hair dye pot","Hair Dye Pot",4,"hair",YES,"JMG73"
"Rear Piece","Rear Piece",4,"rear",NO,"JTW98"
"Side-table","Side Table",4,"side",YES,"JLV22"
"Carousel Boots LT","Carousel Boots LT",4,"carousel",NO,"JTK70"
"Side-table-leg","Side Table Leg",4,"leg",YES,"JLV22"
"upper leg lt-gas-assit","Upper Leg LT Gas Assit",4,"leg",YES,"JLT59"
"Boots","Boot",4,"boots",YES,"JJN59, JPL17"
"Boot-rt","Boot RT",4,"footwear",YES,"JKP50"
"booties lt","Booties LT",4,"booties",YES,"JMB82"
"icoffin ","Icoffin",4,"icoffin",YES,"JHK31, JHK32, JHK33"
"Anna Upper Leg Rt-Outer-Inner","Anna Upper Leg RT Outer Inner",4,"leg",YES,"JJP88"
"slide w/steps","Slide W/steps",4,"slide",YES,"JJP87"
"purse handle","Purse Handle",4,"handle",YES,"JLT59, JLT60"
"icoffin","Icoffin",4,"icoffin",YES,"JHK29, JMB81"
"book-lower","Book Lower",4,"book",YES,"JGG36"
"puppy","Puppy",4,"puppy",YES,"JKB66, JRD74"
"Castle front","Castle Front",4,"castle",YES,"JNW72"
"hunter Leg Rt Lower Rt","Hunter Leg RT Lower RT",4,"leg",YES,"JMP50"
" TOWER UPPER PART","Tower Upper Part",4,"tower",YES,"JHH02"
"Book-inner","Book Inner",4,"book",YES,"JLK35"
"Snake","Snake",4,"snake",NO,"JMV26"
"Earrings","Earring",4,"earrings",YES,"JBJ36, JJX55"
"Pole handle","Pole Handle",4,"handle",YES,"JMJ46"
"Book","Book",4,"book",NO,"JML08, JTT59"
"Blue-fairy-stand","Blue Fairy Stand",4,"base",YES,"JHL47"
"SNOW UNICORN TOY","Snow Unicorn Toy",4,"snow",YES,"JJP93"
"House-Ft","House FT",4,"house",YES,"JJB41"
"Dog-head","Dog Head",4,"head",YES,"JRJ36"
"Petite-Bodice-Ft","Petite Bodice FT",4,"petite",YES,"JHL49"
"pet body","Pet Body",4,"body",YES,"JDR48, JHK30"
"perfume lid","Perfume Lid",4,"cover",YES,"JHK45"
"Snow-White-Bodice-Ft/Rr","Snow White Bodice Ft/rr",4,"snow",YES,"JHL54"
"Snow-White-Torso-Ft/Rr","Snow White Torso Ft/rr",4,"body",YES,"JHL54"
"pen cup","Pen Cup",4,"pen",YES,"JHK43"
"WOLF EAR HEADBANDS","Wolf Ear Headbands",4,"wolf",YES,"JPD88"
"Pedal pin-wheel pin-kick stand","Pedal Pin Wheel Pin Kick Stand",4,"base",YES,"JJP88"
"Cat-tail","Cat Tail",4,"cat",YES,"JGP25, JMP50"
"olaf mold lt-rt","Olaf Mold LT RT",4,"olaf",YES,"JJP88"
"Earring-lt","Earring LT",4,"accessory",YES,"JJN71"
"Tiered Plants","Tiered Plants",4,"tiered",NO,"JLT63"
"Standard-Arm Upper-Lt","Standard Arm Upper LT",4,"arm",YES,"JHL50"
"Star Backpack-back","Star Backpack Back",4,"star",YES,"JPL16"
"Star bag-ft","Star Bag FT",4,"star",YES,"JGG36"
"Door, Box cover, back hook","Door, Box Cover, Back Hook",4,"cover",YES,"JLH83"
"STRAPPY HEELS-R","Strappy Heels R",4,"strappy",YES,"JJX38"
"workbench top","Workbench Top",4,"workbench",YES,"JKB66"
"BELT#2","Belt#2",4,"belt#2",YES,"JMP45"
"Airpods-lt","Airpods LT",4,"airpods",YES,"JKP51"
"Hat-with-strap","Hat With Strap",4,"hat",YES,"JLW52"
"Upper-Leg-Rt-Ft","Upper Leg RT FT",4,"leg",YES,"JLP17"
"nail station","Nail Station",4,"nail",YES,"JHK46"
"charm","Charm",4,"charm",YES,"JLT60, JNC38"
"Ear","Ear",4,"ear",NO,"JMV26"
"Belle plate","Belle Plate",4,"belle",YES,"JTP41"
"Bag-back","Bag Back",4,"bag",YES,"JPL14"
"HOOK","Hook",4,"hook",YES,"JMP48"
"Belle kraton","Belle Kraton",4,"belle",YES,"JPL72"
"Bag car","Bag Car",4,"bag",YES,"JPL13"
"Mirror-frame","Mirror Frame",4,"frame",YES,"JHL60"
"arm connector","Arm Connector",4,"arm",YES,"JLT59"
"Hip-ball-Rt","Hip Ball RT",4,"hip",YES,"JGP21"
"Mice","Mice",4,"mice",NO,"JLK35"
"Floral","Floral",4,"floral",NO,"JBJ05"
"Mic","Mic",4,"mic",NO,"JKP51"
"Table-top","Table Top",4,"table",YES,"JHL47"
"water bottle cap","Water Bottle Cap",4,"cover",YES,"JMB81"
"first floor wall","First Floor Wall",4,"first",YES,"JNK62"
"FLYNN RIDER HAIR","Flynn Rider Hair",4,"hair",YES,"JHH02"
"Cinderella-Bodice-Ft/Rr","Cinderella Bodice Ft/rr",4,"cinderella",YES,"JHL53"
"FLYNN RIDER HEAD with neck","Flynn Rider Head With Neck",4,"head",YES,"JHH02"
"Cinderella-Torso-Ft/Rr","Cinderella Torso Ft/rr",4,"body",YES,"JHL53"
"duck","Duck",4,"duck",YES,"JNW73, JRD75"
"DRINK LID","Drink Lid",4,"cover",YES,"JHK34"
"Maleficent Torso Lower base","Maleficent Torso Lower Base",4,"body",YES,"JJV55"
"FLYNN RIDER LOWER TORSO FT","Flynn Rider Lower Torso FT",4,"body",YES,"JHH02"
"Maleficent Torso FT","Maleficent Torso FT",4,"body",NO,"JJV55"
"Fin","Fin",4,"fin",NO,"JKH55, JKH56, JLW56"
"makeup palette","Makeup Palette",4,"makeup",YES,"JMG74"
"MAKEUP BRUSH #1","Makeup Brush #1",4,"makeup",YES,"JPD90"
"Luaggage cover","Luaggage Cover",4,"cover",YES,"JMV16, JMV17, JMV18"
"LT-Leg-Front","LT Leg Front",4,"leg",YES,"JNJ61"
"Foot-Lt-half","Foot LT Half",4,"foot",YES,"JLW51"
"lower-arm-Rt-front","Lower Arm RT Front",4,"arm",YES,"JGP25"
"Tail Front","Tail Front",4,"tail",NO,"JRY61, JRY62, JRY64"
"drink cover","Drink Cover",4,"cover",YES,"JDR48"
"drink bottom","Drink Bottom",4,"drink",YES,"JDR48"
"Bag-Front","Bag Front",4,"bag",YES,"JBJ16"
"Waist pane FT","Waist Pane FT",4,"waist",YES,"JRY61, JRY62, JRY64"
"Fence for tomatoes","Fence For Tomatoes",4,"fence",YES,"JFG30"
"lock","Lock",4,"lock",YES,"JHH07, JHH08"
"Loafer","Loafer",4,"loafer",NO,"JJN56"
"compass - ruler -  screwdriver","Compass Ruler Screwdriver",4,"compass",YES,"JKB66"
"dog sunglasses","Dog Sunglasses",4,"dog",YES,"JFP36, JFP37"
"Bag-Ft.","Bag FT",4,"bag",YES,"JBH93"
"Foot-Rt","Foot RT",4,"foot",YES,"JGP21, JJY03"
"container  circle","Container Circle",4,"packaging",YES,"JPJ76"
"TORSO FT","Torso FT",4,"body",YES,"JPD88"
"lip balm cover","Lip Balm Cover",4,"cover",YES,"JHK44"
"Arm-Cast","Arm Cast",4,"arm",YES,"JJN56"
"Corkboard","Corkboard",4,"corkboard",NO,"JKB64"
"Front bodice","Front Bodice",4,"front",YES,"JRY61, JRY62, JRY64"
"Bag-Strap","Bag Strap",4,"bag",YES,"JJX94"
"TAIL-FT","Tail FT",4,"tail",YES,"JKH55, JKH56"
"Top Hat Purse","Top Hat Purse",4,"top",NO,"JPD82"
"FRYING PAN","Frying Pan",4,"frying",YES,"JHH02"
"Girl  Upper Torso front","Girl Upper Torso Front",4,"body",YES,"JMB81"
"eyelash curler lt","Eyelash Curler LT",4,"eyelash",YES,"JMG74"
"henna bottle","Henna Bottle",4,"henna",YES,"JHK44"
"Extruder-Tube","Extruder Tube",4,"extruder",YES,"JLV22"
"Evil Queen  Torso Lower","Evil Queen Torso Lower",4,"body",YES,"JPL71"
"Evil Queen  Torso FT","Evil Queen Torso FT",4,"body",YES,"JPL71"
"Evil Queen  Face","Evil Queen Face",4,"face",YES,"JPL71"
"Gothel Leg","Gothel Leg",4,"leg",NO,"JJV56"
"Evil Queen  Arm LT","Evil Queen Arm LT",4,"arm",YES,"JPL71"
"Elsa TORSO FT RR","Elsa Torso FT RR",4,"body",YES,"JHH08"
"Left-Frame","Left Frame",4,"frame",YES,"JTP16"
"cuff bracelet","Cuff Bracelet",4,"accessory",YES,"JHK32"
"Left-Foot-Lt-half","Left Foot LT Half",4,"foot",YES,"JLW52"
"hair","Hair",4,"hair",YES,"JJN66"
"hair band","Hair Band",4,"hair",YES,"JPR42, JPR43, JPR44"
"elbow connector","Elbow Connector",4,"connector",YES,"JLT59"
"Hand LT","Hand LT",4,"hand",NO,"JPD81, JPD82"
"Wrist-connector","Wrist Connector",4,"connector",YES,"JGP21, JMP53"
"Doll-Stand-Base-Top","Doll Stand Base Top",4,"base",YES,"HYM38, JBJ37"
"TOP SKIRT","Top Skirt",4,"clothing",YES,"JHG93"
"Ballet-arm-Right","Ballet Arm Right",4,"arm",YES,"JLW51, JLW52"
"Kelly Leg Rt","Kelly Leg RT",4,"leg",YES,"JJV61, JKH57"
"Wheel tire fr-rr","Wheel Tire Fr RR",4,"wheel",YES,"JJP88"
"Seat-base","Seat Base",4,"base",YES,"JHL60"
"Brittle-Starfish","Brittle Starfish",4,"brittle",YES,"JMV26"
"upper-arm-Rt-front","Upper Arm RT Front",4,"arm",YES,"JGP25"
"brooch","Brooch",4,"brooch",YES,"JLT56"
"Aurora-Bodice-Ft/Rr","Aurora Bodice Ft/rr",4,"aurora",YES,"JHL52"
"Scepter-top-housing-Ft","Scepter Top Housing FT",4,"scepter",YES,"JHL49"
"Bracelet-Rt","Bracelet RT",4,"accessory",YES,"JBH89, JLP17"
"Upper-Arm-Rt-outer","Upper Arm RT Outer",4,"arm",YES,"HYM38"
"Aurora-Torso-Ft/Rr","Aurora Torso Ft/rr",4,"body",YES,"JHL52"
"bracelet 1#","Bracelet 1#",4,"accessory",YES,"JDR48, JHK30"
"Shoe-Lt","Shoe LT",4,"footwear",YES,"JNG38, JPR82"
"Earring-Stud","Earring Stud",4,"accessory",YES,"JPV60"
"BUCKLE FLATS-R","Buckle Flats R",4,"buckle",YES,"JJX39"
"Upper-Leg-Lt-Ft","Upper Leg LT FT",4,"leg",YES,"JLP17"
"Scepter Door Lt","Scepter Door LT",4,"scepter",YES,"JHL49"
"Katrina Torso Lower Ft.","Katrina Torso Lower FT",4,"body",YES,"JHK34"
"shoe-Rt","Shoe RT",4,"footwear",YES,"JPL54"
"Box door LT","Box Door LT",4,"packaging",YES,"JPJ76"
"Katrina Arm Lower Rt ","Katrina Arm Lower RT",4,"arm",YES,"JHK34"
"salad bowl","Salad Bowl",4,"salad",YES,"JHK32"
"Umbrella","Umbrella",4,"umbrella",NO,"JLX39"
"Shoes-Inset-Rt","Shoes Inset RT",4,"shoes",YES,"HYM38, JLH31"
"Ruffle Clip for shoes","Ruffle Clip For Shoes",4,"clip",YES,"JTK70"
"Wheel fr-rr","Wheel Fr RR",4,"wheel",YES,"JJP88"
"Roof Lt/Rt","Roof Lt/rt",4,"roof",YES,"JJP91"
"Hair-Coin","Hair Coin",4,"hair",YES,"JJX47"
"Cage-body-upper-Lt","Cage Body Upper LT",4,"body",YES,"JMV26"
"Cage-body-upper-Rt","Cage Body Upper RT",4,"body",YES,"JMV26"
"hair cream ","Hair Cream",4,"hair",YES,"JHK45"
"JJB33-004-Arm-connector","Arm Connector",4,"arm",YES,"JJB33"
"Trunk-lid","Trunk Lid",4,"cover",YES,"JML08"
"Arms-Connector","Arms Connector",4,"connector",YES,"JJX29, JLP17"
"tiara","Tiara",4,"accessory",YES,"JBJ36, JNK62"
"BOW HARNESS","Bow Harness",4,"bow",YES,"JRF23"
"Roller-Lt-with-hole","Roller LT With Hole",4,"roller",YES,"JGG38"
"Bow Harness","Bow Harness",4,"bow",NO,"JDR54"
"BOW EARRINGS LT","Bow Earrings LT",4,"bow",YES,"JRF23"
"backpact body w/belt","Backpact Body W/belt",4,"body",YES,"JMB82"
"YETI  heater","Yeti Heater",3,"yeti",YES,"JHK44"
"2F floor","2f Floor",3,"2f",YES,"JNK62"
"accessories 1#","Accessories 1#",3,"accessories",YES,"JHK44"
"airpods lt","Airpods LT",3,"airpods",YES,"JHK46"
"Anklets","Anklets",3,"anklets",NO,"JLP16"
"Arches Lt","Arches LT",3,"arches",YES,"JLJ09"
"Archway","Archway",3,"archway",NO,"JTW98"
"Arm-Connector","Arm Connector",3,"arm",YES,"JLW51, JLW52"
"arm  cuff","Arm Cuff",3,"arm",YES,"JDR48"
"Arm Lower-Rt","Arm Lower RT",3,"arm",YES,"JMP46"
"Arm-Rt.","Arm RT",3,"arm",YES,"JJY14"
"Arm-Rt-Bent","Arm RT Bent",3,"arm",YES,"JJX42"
"Arm Upper-Rt","Arm Upper RT",3,"arm",YES,"JMP46"
"awning","Awning",3,"awning",YES,"JLT63"
"Back Case","Back Case",3,"back",NO,"JTP42"
"backpack  w/strap","Backpack W/strap",3,"backpack",YES,"JMG68"
"Back wall cover","Back Wall Cover",3,"cover",YES,"JLJ09"
"back wall w/pillar","Back Wall W/pillar",3,"back",YES,"JFG29"
"Bag-cover","Bag Cover",3,"cover",YES,"JMV17, JMV18"
"Ball-Lt","Ball LT",3,"ball",YES,"JJP05"
"Balloon LT","Balloon LT",3,"balloon",NO,"JPD80"
"Balloon Shaker LT","Balloon Shaker LT",3,"balloon",NO,"JPD81"
"Barbie logo belt","Barbie Logo Belt",3,"barbie",YES,"JKP50"
"Bat Cuffs Bracelet","Bat Cuffs Bracelet",3,"accessory",NO,"JPD80"
"Bat Necklace","Bat Necklace",3,"accessory",NO,"JPD80"
"beetle bronzer","Beetle Bronzer",3,"beetle",YES,"JMG74"
"BEIGNET","Beignet",3,"beignet",YES,"JLH91"
"Bell-handle","Bell Handle",3,"handle",YES,"JMV26"
"BELT#1","Belt#1",3,"belt#1",YES,"JMP45"
"Belt-Buckle","Belt Buckle",3,"belt",YES,"JJY03"
"Bike front-back frame","Bike Front Back Frame",3,"frame",YES,"JJP88"
"block","Block",3,"block",YES,"JRD72"
"Bodice-Chains","Bodice Chains",3,"bodice",YES,"JPT88"
"BOOTS-L","Boots L",3,"boots",YES,"JMP45"
" Boots-R","Boots R",3,"boots",YES,"JBJ45"
"Boots-RT","Boots RT",3,"boots",YES,"JJY10"
"bottle","Bottle",3,"bottle",YES,"JHK33"
"Bow","Bow",3,"bow",NO,"JLT64, JPV22"
"Bow ring","Bow Ring",3,"accessory",YES,"JJT75"
"Box top","Box Top",3,"packaging",YES,"JPJ76"
"Box  under","Box Under",3,"packaging",YES,"JPJ76"
"Boy-hair","Boy Hair",3,"hair",YES,"JMP50"
"bracelet 2#","Bracelet 2#",3,"accessory",YES,"JDR48, JHK30"
"Bra Ft","Bra FT",3,"bra",YES,"JLW56"
"bristle brush","Bristle Brush",3,"bristle",YES,"JHK45"
"bristle brush handle","Bristle Brush Handle",3,"handle",YES,"JHK45"
"broach","Broach",3,"broach",YES,"JLT59, JLT60"
"Brooch","Brooch",3,"brooch",NO,"JPR82"
"Bruni","Bruni",3,"bruni",NO,"JTR73"
"Bucklet-Hat","Bucklet Hat",3,"bucklet",YES,"JBH80"
"Bunny-slipper","Bunny Slipper",3,"footwear",YES,"JGG38"
"BUTTERFLY SCISSORS","Butterfly Scissors",3,"butterfly",YES,"JHK34"
"cactus plant","Cactus Plant",3,"cactus",YES,"JHK45"
"Cage-Bottom","Cage Bottom",3,"cage",YES,"JRJ36"
"Cake","Cake",3,"cake",NO,"JJB41"
"Cake purse","Cake Purse",3,"cake",YES,"JPL08"
"CAKE SLICE","Cake Slice",3,"cake",YES,"JLH90"
"camera","Camera",3,"camera",YES,"JMG71"
"Camp Cup","Camp Cup",3,"camp",NO,"JJV61"
"CANCEL","Cancel",3,"cancel",YES,"JJN51"
"Candied Apple","Candied Apple",3,"candied",NO,"JPD82"
"Candy-Cane","Candy Cane",3,"candy",YES,"JLW52"
"CAR BODY","Car Body",3,"body",YES,"JRV66"
"Cards","Cards",3,"cards",NO,"JMP45"
"Cart coin lock","Cart Coin Lock",3,"cart",YES,"JMP81"
"Cat","Cat",3,"cat",NO,"JRJ36"
"Cat-body","Cat Body",3,"body",YES,"JMP50"
"Cat-body-Lt","Cat Body LT",3,"body",YES,"JGP25"
"Cecropia Leaves-1","Cecropia Leaves 1",3,"cecropia",YES,"JKF79"
"Cell-Phone","Cell Phone",3,"cell",YES,"JFJ80"
"chain heart hoops lt","Chain Heart Hoops LT",3,"chain",YES,"JHK31"
"CHASSIS","Chassis",3,"chassis",YES,"JRV66"
"Cherry Bag chain","Cherry Bag Chain",3,"cherry",YES,"JPL17"
"Chest Accessory","Chest Accessory",3,"accessory",NO,"JPD82"
"chestplate","Chestplate",3,"chestplate",YES,"JBJ36"
"chocolate","Chocolate",3,"chocolate",YES,"JHK32"
"Choker","Choker",3,"choker",NO,"JBJ05, JRY62"
"CHUNKY HEELS-R","Chunky Heels R",3,"chunky",YES,"JJX39"
"CLEANSER TUBE","Cleanser Tube",3,"cleanser",YES,"JPD88, JPD89"
"Coconut tree","Coconut Tree",3,"coconut",YES,"JTP42"
"Compost Fly Salad Jar","Compost Fly Salad Jar",3,"compost",NO,"JTJ05"
"conch shell lt","Conch Shell LT",3,"conch",YES,"JLP19"
"container heart","Container Heart",3,"packaging",YES,"JPJ76"
"corndog","Corndog",3,"corndog",YES,"JHK33"
"Cotton Candy Handle","Cotton Candy Handle",3,"handle",NO,"JPD80"
"Counter","Counter",3,"counter",NO,"JLT63"
"Cowboy hat","Cowboy Hat",3,"cowboy",YES,"JPL13"
"crown","Crown",3,"accessory",YES,"JLT56"
"CROWN","Crown",3,"accessory",YES,"JHG93"
"Customer gem","Customer Gem",3,"customer",YES,"JHL49, JHL50, JHL51"
"Dagger","Dagger",3,"dagger",NO,"JMP53"
"Desk-BODY","Desk Body",3,"body",YES,"JKB64"
"Dog-Necklace","Dog Necklace",3,"accessory",YES,"JJX75"
"dog Panny bag","Dog Panny Bag",3,"dog",YES,"JFP36"
"dog phone","Dog Phone",3,"dog",YES,"JFP39"
"Doll Base Top","Doll Base Top",3,"base",NO,"JJX48"
"Doll-Base-Top","Doll Base Top",3,"base",YES,"JFJ80"
"Doll-Stand-Cover","Doll Stand Cover",3,"base",YES,"JFJ80"
"doll  stand support","Doll Stand Support",3,"base",YES,"JLT59"
"door LT","Door LT",3,"door",YES,"JNK62"
"DRAGON CHOKER","Dragon Choker",3,"dragon",YES,"JPD90"
"Drawer","Drawer",3,"drawer",NO,"JHL60"
"dress form","Dress Form",3,"clothing",YES,"JNK62"
"earring","Earring",3,"accessory",YES,"JJY10"
"Earring-Dangle-Rt","Earring Dangle RT",3,"accessory",YES,"JBH88"
"earring pendant-R","Earring Pendant R",3,"accessory",YES,"HRM35"
"Earring-R","Earring R",3,"accessory",YES,"JJX83"
"EARRINGS","Earring",3,"earrings",YES,"JJX30"
"Earrings LT","Earrings LT",3,"earrings",NO,"JPD80"
"earring studs-R","Earring Studs R",3,"accessory",YES,"HRM35"
"eerie smoothie top","Eerie Smoothie Top",3,"eerie",YES,"JHK32"
"Elbow Connector","Elbow Connector",3,"connector",NO,"GFL38, JPR92"
"eyes lt","Eyes LT",3,"eyes",YES,"JLT59"
"face roller ","Face Roller",3,"face",YES,"JHK43"
"fan","Fan",3,"fan",YES,"JMG69"
"feeder","Feeder",3,"feeder",YES,"JHH07"
"fence hinge lt","Fence Hinge LT",3,"joint",YES,"JFG29"
"fish face","Fish Face",3,"face",YES,"JHK33"
"Floatie bottom","Floatie Bottom",3,"floatie",YES,"JLX39"
"Floatie top","Floatie Top",3,"floatie",YES,"JLX39"
"FLOWER RING","Flower Ring",3,"accessory",YES,"JHG93"
"Foot Rt- outer","Foot RT Outer",3,"foot",YES,"HYM38"
"FOX BODY","Fox Body",3,"body",YES,"JHK34"
"FOX HEAD","Fox Head",3,"head",YES,"JHK34"
"front wall w/pillar","Front Wall W/pillar",3,"front",YES,"JFG29"
"Game","Game",3,"game",NO,"JMV18"
"game console case","Game Console Case",3,"game",YES,"JMG73"
"game console screen","Game Console Screen",3,"game",YES,"JMG73"
"GEL JAR LID","Gel Jar Lid",3,"cover",YES,"JMV21"
"GEL JAR OUTER","Gel Jar Outer",3,"gel",YES,"JMV21"
"Genie-Shovel","Genie Shovel",3,"genie",YES,"JLK36"
"Girl Hand Right","Girl Hand Right",3,"hand",NO,"JMB81"
"Gold-shelf","Gold Shelf",3,"gold",YES,"JHL47"
"Gothel Arm LT","Gothel Arm LT",3,"arm",NO,"JJV56"
"Gothel Torso FT","Gothel Torso FT",3,"body",NO,"JJV56"
"Green-fairy-handle","Green Fairy Handle",3,"handle",YES,"JHL47"
"Hairband","Hairband",3,"hairband",NO,"JJN50, JJN59"
"hair c-clip","Hair C Clip",3,"hair",YES,"JDR48"
"hair clip","Hair Clip",3,"hair",YES,"JPR42, JPR43, JPR44"
"HAIRCLIP-#1","Hairclip #1",3,"hairclip",YES,"JMP48"
"HAIRCLIP-#2","Hairclip #2",3,"hairclip",YES,"JMP48"
"Hair Comb","Hair Comb",3,"hair",NO,"JRY61, JRY62, JRY64"
"hair pins","Hair Pins",3,"hair",YES,"JMV17, JMV18"
"Hair with c-clip","Hair With C Clip",3,"hair",YES,"JHH08"
"HANDBAG","Handbag",3,"handbag",YES,"JJX30"
"Hand Bag Handle","Hand Bag Handle",3,"hand",NO,"JMJ47"
"Hand bag Leash","Hand Bag Leash",3,"hand",YES,"JMJ47"
"Handel","Handel",3,"handel",NO,"JRJ36"
"Hand Lt","Hand LT",3,"hand",YES,"JMP46"
"Headband Mid Ruffle ","Headband Mid Ruffle",3,"headband",YES,"JPD80"
"headdress cap","Headdress Cap",3,"cover",YES,"JLP19"
"Head-dress-horn","Head Dress Horn",3,"head",YES,"JLT53"
"Headpiece-Roses","Headpiece Roses",3,"headpiece",YES,"JBJ12"
"Head rest","Head Rest",3,"head",YES,"JMP77"
"Heart aIrpod-bottom","Heart Airpod Bottom",3,"heart",YES,"JKP51"
"Heart Bag Top","Heart Bag Top",3,"heart",NO,"JPL18"
"Heart-Skull","Heart Skull",3,"heart",YES,"JBJ05"
"Helmet-Outer-Visor","Helmet Outer Visor",3,"helmet",YES,"JBJ28"
"Hisette","Hisette",3,"hisette",NO,"JHK32"
"HKD90-006-Arm-lt","Arm LT",3,"arm",YES,"JJB36"
"Hook","Hook",3,"hook",NO,"JLP17, JRV66"
"hunter Arm Rt Upper Ft","Hunter Arm RT Upper FT",3,"arm",YES,"JMP50"
"hunter Leg Rt Upper Ft","Hunter Leg RT Upper FT",3,"leg",YES,"JMP50"
"hunter lower arm Rt","Hunter Lower Arm RT",3,"arm",YES,"JMP50"
"hunter Torso front","Hunter Torso Front",3,"body",YES,"JMP50"
"hunter wrist conector","Hunter Wrist Conector",3,"wrist",YES,"JMP50"
"icy animal brush","Icy Animal Brush",3,"icy",YES,"JFG29"
"Index-Finger-Rt","Index Finger RT",3,"index",YES,"HYM38"
"inkwell base","Inkwell Base",3,"base",YES,"JMB81"
"jar bottle","Jar Bottle",3,"jar",YES,"JMG73"
"jewel stand","Jewel Stand",3,"base",YES,"JHK44"
"JJB34-001-Bent-arm-lt","Bent Arm LT",3,"arm",YES,"JJB34"
"JJB35-001-Arm-Rt","Arm RT",3,"arm",YES,"JJB35"
"JJN69-001-BAG-LT","Bag LT",3,"jjn69",YES,"JJN69"
"JTV75-010-Bed sheet","Bed Sheet",3,"jtv75",YES,"JTV75"
"Katrina Leg Lower Rt ","Katrina Leg Lower RT",3,"leg",YES,"JHK34"
"Katrina Leg Upper Rt","Katrina Leg Upper RT",3,"leg",YES,"JHK34"
"Ken-Sunglasses","Ken Sunglasses",3,"ken",YES,"JBJ43"
"Ladder","Ladder",3,"ladder",NO,"JTP16"
"LANTERN","Lantern",3,"lantern",YES,"JLH90"
"LARGE CLUTCH","Large Clutch",3,"large",YES,"JJX32"
"Leash","Leash",3,"leash",NO,"JFP36"
"Left railing","Left Railing",3,"left",YES,"JFG29"
"LEFT SIDE MIRROR","Left Side Mirror",3,"left",YES,"JRV66"
" Leg-Lt","Leg LT",3,"leg",YES,"JNB00"
"Leg Lt","Leg LT",3,"leg",YES,"JMG71"
"Leg-Rt.","Leg RT",3,"leg",YES,"JJY14"
"Leg Upper Rt","Leg Upper RT",3,"leg",YES,"JJX29"
"LONG HAIR","Long Hair",3,"hair",YES,"JHH02"
"Long Pants","Long Pants",3,"long",NO,"JPL72"
"Lower-Leg-Lt-Inner","Lower Leg LT Inner",3,"leg",YES,"JLP17"
"Lower leg-Rt","Lower Leg RT",3,"leg",YES,"JJN71"
"Lower-Leg-Rt-Inner","Lower Leg RT Inner",3,"leg",YES,"JLP17"
"lower-Leg-Rt-Outer","Lower Leg RT Outer",3,"leg",YES,"JGP25"
"LUCKY KNOT BELT","Lucky Knot Belt",3,"lucky",YES,"JPD90"
"Luggage","Luggage",3,"luggage",NO,"JMJ46"
"Maibox","Maibox",3,"maibox",NO,"JKB65"
"MAKEUP BRUSH","Makeup Brush",3,"makeup",YES,"JPD89"
"MAKEUP BRUSH ","Makeup Brush",3,"makeup",YES,"JPD88"
"Maleficent Arm LT","Maleficent Arm LT",3,"arm",NO,"JJV55"
"Maleficent Head","Maleficent Head",3,"head",NO,"JJV55"
"MEDICAL BAG LT","Medical Bag LT",3,"medical",YES,"JBJ30"
"Mermaid-Torso-Ft","Mermaid Torso FT",3,"body",YES,"JHL55"
"Microphone","Microphone",3,"microphone",NO,"JBJ37"
"Microphone stand base","Microphone Stand Base",3,"base",YES,"JJY07"
"Microphone Stand - Lower-Fr","Microphone Stand Lower Fr",3,"base",YES,"JJY07"
"Mic Stand","Mic Stand",3,"base",NO,"JJY07"
"Mini Cooler","Mini Cooler",3,"mini",NO,"JRF17"
"Mircophone","Mircophone",3,"mircophone",NO,"JLT65"
"Mirror","Mirror",3,"mirror",NO,"JJV56, JPL15"
"Moana Boat","Moana Boat",3,"moana",NO,"JTP42"
"MOM ARM LT","Mom Arm LT",3,"arm",YES,"JLJ06"
"moon belt","Moon Belt",3,"moon",YES,"JHK30"
"MOON CHARM CHOKER","Moon Charm Choker",3,"moon",YES,"JPD88"
"MOON EARRING","Moon Earring",3,"accessory",YES,"JPD88"
"MOON STARS STUD BELT","Moon Stars Stud Belt",3,"moon",YES,"JPD88"
"Mother Sloth body","Mother Sloth Body",3,"body",YES,"JKF79"
"Mushroom","Mushroom",3,"mushroom",NO,"JMV26"
"nail clipper","Nail Clipper",3,"nail",YES,"JHK46"
"NAUTILUS SHELL EARRINGS RT","Nautilus Shell Earrings RT",3,"nautilus",YES,"JPD89"
"NECKTIE","Necktie",3,"necktie",YES,"JMP47"
"oil bottle","Oil Bottle",3,"oil",YES,"JHK44"
"olaf buckle","Olaf Buckle",3,"olaf",YES,"JJP88"
"olaf nose","Olaf Nose",3,"olaf",YES,"JJP88"
"olaf stick arm lt-rt - olaf hair","Olaf Stick Arm LT RT Olaf Hair",3,"arm",YES,"JJP88"
"Owl","Owl",3,"owl",NO,"JPJ74"
"Pail","Pail",3,"pail",NO,"JHG98"
"Pedal - pedal bar rt-lt","Pedal Pedal Bar RT LT",3,"pedal",YES,"JJP88"
"Pencil","Pencil",3,"pencil",NO,"JMV26"
"perfume ","Perfume",3,"perfume",YES,"JHK45"
"Pet-bed","Pet Bed",3,"pet",YES,"JKN62"
"pet head ft","Pet Head FT",3,"head",YES,"JHK29, JHK30, JHK31"
"Petite-Arm Lower-Lt","Petite Arm Lower LT",3,"arm",YES,"JHL49"
"Petite-Arm Upper-Lt","Petite Arm Upper LT",3,"arm",YES,"JHL49"
"phone","Phone",3,"phone",YES,"JDR48"
"phone case","Phone Case",3,"phone",YES,"JGG36"
"Phone Case","Phone Case",3,"phone",NO,"JMV16, JMV18"
"Phone-Case","Phone Case",3,"phone",YES,"JFJ80"
"Phone-Charm(V&R)","Phone Charm(v&r)",3,"phone",YES,"JFJ80"
"Pickle ball paddle","Pickle Ball Paddle",3,"pickle",YES,"JJN51"
"Pig-body-LT","Pig Body LT",3,"body",YES,"JKN62"
"POINTY TOE FLATS-R","Pointy Toe Flats R",3,"pointy",YES,"JJX38"
"Potion-bottle-Ft","Potion Bottle FT",3,"potion",YES,"JBJ15"
"Potted Bouquet","Potted Bouquet",3,"potted",NO,"JHG98"
"PUKA SHELL BELT","Puka Shell Belt",3,"puka",YES,"JPD89"
"Pumpkin Roof","Pumpkin Roof",3,"pumpkin",NO,"JLH83"
"PURSE","Purse",3,"purse",YES,"JJX39"
"Quiver with arrows","Quiver With Arrows",3,"quiver",YES,"JPV22"
"RACQUET INNER","Racquet Inner",3,"racquet",YES,"JHK39"
"record player cover","Record Player Cover",3,"cover",YES,"JHK46"
"Red-fairy-stand","Red Fairy Stand",3,"base",YES,"JHL47"
"Red hairpin","Red Hairpin",3,"red",YES,"JMP45"
"Rein","Rein",3,"rein",NO,"JLH83"
"RIGHT CHAIR","Right Chair",3,"right",YES,"JHH02"
"Rope","Rope",3,"rope",NO,"JLN17"
"Rt-Hip-ball-Outer","RT Hip Ball Outer",3,"hip",YES,"HYM38"
"Ruffled Balance Ball Heels Lt","Ruffled Balance Ball Heels LT",3,"ruffled",YES,"JPD80"
"Rugby-ball-Lt","Rugby Ball LT",3,"rugby",YES,"JGP21"
"runway FT","Runway FT",3,"runway",YES,"JNK62"
"sail","Sail",3,"sail",YES,"JTP42"
"Sandal","Sandal",3,"footwear",NO,"JGG39"
"saw lt","Saw LT",3,"saw",YES,"JKB66"
"Scepter-top-housing-Rr","Scepter Top Housing RR",3,"scepter",YES,"JHL49"
"Seashell chair","Seashell Chair",3,"seashell",YES,"JTP42"
"second floor wall","Second Floor Wall",3,"second",YES,"JNK62"
"Separated-part-Rt","Separated Part RT",3,"separated",YES,"JJX56"
"SETTING SPRAY","Setting Spray",3,"setting",YES,"JPD89"
"sewing machine","Sewing Machine",3,"sewing",YES,"JNK62"
"SHELL PALETTE","Shell Palette",3,"shell",YES,"JPD89, JPD90"
"Shields","Shields",3,"shields",NO,"JPV19"
"Shoe-bottom-LT","Shoe Bottom LT",3,"footwear",YES,"JJX51"
"shoe-R","Shoe R",3,"footwear",YES,"JJX30"
"Shoe-R","Shoe R",3,"footwear",YES,"JJY06"
"Shoes#1-Rt","Shoes#1 RT",3,"shoes#1",YES,"jjy09"
"Shoes-Bottom-Rt.","Shoes Bottom RT",3,"shoes",YES,"JFJ80"
"Shoes-Bow","Shoes Bow",3,"shoes",YES,"JFJ80"
"SHOES  LT","Shoes LT",3,"shoes",YES,"JRF23"
"Shoes-Sole-Rt","Shoes Sole RT",3,"shoes",YES,"HYM38, JLH31"
"Shoes-Top-Rt.","Shoes Top RT",3,"shoes",YES,"JFJ80"
"Shoe-Top-Lt","Shoe Top LT",3,"footwear",YES,"JJX53, JJX56"
"shopping bag","Shopping Bag",3,"shopping",YES,"JRN02"
"Side door","Side Door",3,"side",YES,"JLT63"
"sign holder","Sign Holder",3,"holder",YES,"JLT63"
"SKULLETTE CASE","Skullette Case",3,"skullette",YES,"JPD88"
"Sled","Sled",3,"sled",NO,"JLN17"
"sled handle upper lt/rt","Sled Handle Upper Lt/rt",3,"handle",YES,"JJP87"
"slide","Slide",3,"slide",YES,"JFG29"
"Slide","Slide",3,"slide",NO,"JTP42"
"small watch","Small Watch",3,"small",YES,"JMG73"
"snack","Snack",3,"snack",YES,"JHK29"
"snake bracelet","Snake Bracelet",3,"accessory",YES,"JHK32"
"Snap-bodice","Snap Bodice",3,"snap",YES,"JLK35"
"snow charms","Snow Charms",3,"snow",YES,"JPK57"
"SNOWY HILL","Snowy Hill",3,"snowy",YES,"JJP93"
"Soda W/straw","Soda W/straw",3,"soda",NO,"JRF17"
"sonw white top","Sonw White Top",3,"sonw",YES,"JRN02"
"Spine conncetor","Spine Conncetor",3,"spine",YES,"JHK34"
"Spinning wheel ","Spinning Wheel",3,"wheel",YES,"JJV55"
"Stair wall","Stair Wall",3,"stair",YES,"JLT63"
"Standard-Arm Lower-Lt","Standard Arm Lower LT",3,"arm",YES,"JHL50"
"Standard-Torso-Ft","Standard Torso FT",3,"body",YES,"JHL50"
"star cover","Star Cover",3,"cover",YES,"JPR42"
"STD-Arm Lower-Lt","Std Arm Lower LT",3,"arm",YES,"JHL51"
"STD-Arm Upper-Lt","Std Arm Upper LT",3,"arm",YES,"JHL51"
"STD-Leg-Right-Heel-Foot","Std Leg Right Heel Foot",3,"leg",YES,"JJY40"
"STD-Torso-Ft","Std Torso FT",3,"body",YES,"JHL51"
"Strap-for-Shoe","Strap For Shoe",3,"footwear",YES,"JJX56"
"Strap-LT","Strap LT",3,"strap",YES,"JRJ36"
"Strap-Shoe-LT","Strap Shoe LT",3,"footwear",YES,"JJX53"
"stressball dustin toy clip","Stressball Dustin Toy Clip",3,"clip",YES,"JMB82"
"Suitcase-body-base","Suitcase Body Base",3,"body",YES,"JMV16"
"sunglasses_frame","Sunglasses Frame",3,"frame",YES,"JJX53"
"sunlglass","Sunlglass",3,"sunlglass",YES,"JTJ05"
"Swing","Swing",3,"swing",NO,"JTP42"
"Table-leg","Table Leg",3,"leg",YES,"JHL47"
"tail fin","Tail Fin",3,"tail",YES,"JRY61, JRY62, JRY64"
"TAIL-RR","Tail RR",3,"tail",YES,"JKH55, JKH56"
"Tassel","Tassel",3,"tassel",NO,"JFJ80"
"teddy bear","Teddy Bear",3,"teddy",YES,"JRD72"
"TENNI-RACKET","Tenni Racket",3,"tenni",YES,"JJX61"
"Terrarium base","Terrarium Base",3,"base",YES,"JTJ05"
"terrarium body","Terrarium Body",3,"body",YES,"JTJ05"
"Thigh-Holster","Thigh Holster",3,"thigh",YES,"JKG65"
"TopHat","Tophat",3,"tophat",YES,"JPD82"
"top roof","Top Roof",3,"top",YES,"JNK62"
"Torso-Armor","Torso Armor",3,"body",YES,"JGP25"
"Torso-Ft.","Torso FT",3,"body",YES,"JJY14"
"TOWER TOP","Tower Top",3,"tower",YES,"JHH02"
"Towline","Towline",3,"towline",NO,"JTP42"
"tray-small","Tray Small",3,"tray",YES,"JHL47"
"Treasure-chest-lid","Treasure Chest Lid",3,"cover",YES,"JLK36"
"Trunk-Top","Trunk Top",3,"trunk",YES,"JTT59"
"tupperear base","Tupperear Base",3,"base",YES,"JMB82"
"turntable","Turntable",3,"turntable",YES,"JNK62"
"TWEEZERS","Tweezers",3,"tweezers",YES,"JPD90"
"Upper-Arm-Rt.","Upper Arm RT",3,"arm",YES,"JGG38"
"Upper-Leg-Rt","Upper Leg RT",3,"leg",YES,"JJY15"
"Upper-leg-Rt-outer","Upper Leg RT Outer",3,"leg",YES,"HYM38"
"UPPER TOWER BASE","Upper Tower Base",3,"base",YES,"JHH02"
"Vanity","Vanity",3,"vanity",NO,"JLT64"
"Venus Flytrap Makeup Bag","Venus Flytrap Makeup Bag",3,"venus",NO,"JTJ05"
"vine A","Vine A",3,"vine",YES,"JHK45"
"vision board","Vision Board",3,"vision",YES,"JHK43"
"Waist-Connector-Holder","Waist Connector Holder",3,"connector",YES,"HYM38"
"Waist-Holster","Waist Holster",3,"waist",YES,"JKG65"
"walkie talkie","Walkie Talkie",3,"walkie",YES,"JJV59"
"Watch","Watch",3,"watch",NO,"JJX94"
"WATER BOTTLE ","Water Bottle",3,"water",YES,"JRF23"
"WHEEL","Wheel",3,"wheel",YES,"JTP41"
"wrist connector","Wrist Connector",3,"connector",YES,"JLT59"
"hunter Foot Right","Hunter Foot Right",2,"foot",YES,"JMP50"
"hunter Hand Right","Hunter Hand Right",2,"hand",YES,"JMP50"
"hunter Head connector","Hunter Head Connector",2,"head",YES,"JMP50"
"hunter hip connector insert","Hunter Hip Connector Insert",2,"connector",YES,"JMP50"
"hunter Knee connector","Hunter Knee Connector",2,"connector",YES,"JMP50"
"DOG-CAP","Dog Cap",2,"cover",YES,"JNM28"
"Mascara-bottom","Mascara Bottom",2,"mascara",YES,"JKP50"
"cinderella top","Cinderella Top",2,"cinderella",YES,"JRN02"
"Mask-rose-rt","Mask Rose RT",2,"mask",YES,"JJX96"
"Bath","Bath",2,"bath",NO,"JLT64"
"METAL LOGO ","Metal Logo",2,"metal",YES,"JPD88"
"chocolater bar","Chocolater Bar",2,"chocolater",YES,"JHK32"
"Mice-Stand-Top","Mice Stand Top",2,"base",YES,"JLK35"
"micorphone","Micorphone",2,"micorphone",YES,"JJY10"
"Tail ring","Tail Ring",2,"accessory",YES,"JLW56"
"Basket-lid","Basket Lid",2,"cover",YES,"JLK35"
"Wrist-Connector","Wrist Connector",2,"connector",YES,"HYM38"
"Tea Drink Bottle","Tea Drink Bottle",2,"tea",NO,"JTJ05"
"Mirror base","Mirror Base",2,"base",YES,"JJV56"
"MOM HAIR","Mom Hair",2,"hair",YES,"JLJ06"
"CHERRY STICK","Cherry Stick",2,"cherry",YES,"JMV21"
"Monkey-hat","Monkey Hat",2,"monkey",YES,"JLK36"
"CHARM","Charm",2,"charm",YES,"JLT59"
"Tennis-Ball-Ft","Tennis Ball FT",2,"tennis",YES,"jjy09"
"Base rainforest","Base Rainforest",2,"base",YES,"JKF79"
"TENTACLE CHOKER","Tentacle Choker",2,"tentacle",YES,"JPD89"
"Apple-Ft","Apple FT",2,"apple",YES,"JBJ15"
"Water cup","Water Cup",2,"water",YES,"JJV60"
"Mummy Popsicle","Mummy Popsicle",2,"mummy",NO,"JRF18"
"thermos top","Thermos Top",2,"thermos",YES,"JHK29"
"Chapstick Lid","Chapstick Lid",2,"cover",NO,"JMV16"
"nail station base","Nail Station Base",2,"base",YES,"JHK46"
"nail station mat","Nail Station Mat",2,"nail",YES,"JHK46"
"Chapstick Base","Chapstick Base",2,"base",NO,"JMV16"
"Neck-Ft","Neck FT",2,"neck",YES,"JNB00"
" Necklace","Necklace",2,"accessory",YES,"JJN74"
"Cecropia","Cecropia",2,"cecropia",NO,"JKF79"
"Necklace Connector Male  ","Necklace Connector Male",2,"connector",YES,"JLX47"
"Necklace-shell","Necklace Shell",2,"accessory",YES,"JJV48"
"Neck Pillow-Ft","Neck Pillow FT",2,"neck",YES,"JMV18"
"Weight-Part","Weight Part",2,"weight",YES,"JJY14"
"night mare journal","Night Mare Journal",2,"night",YES,"JMB82"
"C-CLIP","C Clip",2,"clip",YES,"JHH02"
"Nokk tail","Nokk Tail",2,"nokk",YES,"JHH08"
"Norigae","Norigae",2,"norigae",NO,"JPT90"
"Nutcracker","Nutcracker",2,"nutcracker",NO,"JLW51"
"Barcelet","Barcelet",2,"barcelet",NO,"JGG36"
"olaf mold lt","Olaf Mold LT",2,"olaf",YES,"JJP87"
"Cauldron-L","Cauldron L",2,"cauldron",YES,"JBJ15"
"OVEN DOOR","Oven Door",2,"oven",YES,"JHH02"
"pacifier","Pacifier",2,"pacifier",YES,"JRD72"
"Toddler Front Torso","Toddler Front Torso",2,"body",NO,"GFL38"
"Cat tail","Cat Tail",2,"cat",YES,"JTV74"
"Cat Sunglasses","Cat Sunglasses",2,"cat",NO,"JTV74"
"Anna leg lower lt-rt","Anna Leg Lower LT RT",2,"leg",YES,"JJP88"
"Cat purse","Cat Purse",2,"cat",YES,"JTV74"
"pet","Pet",2,"pet",YES,"JMB81"
"pet antenna lt","Pet Antenna LT",2,"pet",YES,"JDR48"
"Bangles","Bangle",2,"bangles",YES,"JLK36"
"Cat-mask","Cat Mask",2,"cat",YES,"JBJ15"
"pet body ft","Pet Body FT",2,"body",YES,"JHK29"
"pet gas tank","Pet Gas Tank",2,"pet",YES,"JMB81"
"Top Hat Purse Cover","Top Hat Purse Cover",2,"cover",NO,"JPD82"
"TOPIARY-Pot-A","Topiary Pot A",2,"topiary",YES,"JKB65"
"Cat-leg-Rear-Lt","Cat Leg Rear LT",2,"leg",YES,"JGP25"
"Cat-leg-front-Lt","Cat Leg Front LT",2,"leg",YES,"JGP25"
"pet wings","Pet Wings",2,"pet",YES,"JHK29"
"Y7557-2869-Chelsea's shoes","Y7557 2869 Chelsea's Shoes",2,"y7557",YES,"JJB36"
"Balloon Mouse","Balloon Mouse",2,"balloon",NO,"JPD80"
"Wheel-A","Wheel A",2,"wheel",YES,"JLK36"
"Pig-hooves-Lt","Pig Hooves LT",2,"pig",YES,"JKN62"
"Cat-Head-upper","Cat Head Upper",2,"head",YES,"JGP25"
"Pompom","Pompom",2,"pompom",NO,"JPD81"
"Popcorn Purse","Popcorn Purse",2,"popcorn",NO,"JPD80"
"popsicle","Popsicle",2,"popsicle",YES,"JRD73"
"Ball","Ball",2,"ball",NO,"JJN51"
"pottery wheel","Pottery Wheel",2,"wheel",YES,"JMG74"
"pottery wheel base","Pottery Wheel Base",2,"base",YES,"JMG74"
"Pumpkin-L","Pumpkin L",2,"pumpkin",YES,"JBJ15"
"bail polish ","Bail Polish",2,"bail",YES,"JHK46"
"Pumpkin-stem","Pumpkin Stem",2,"pumpkin",YES,"JBJ15"
"Castle base","Castle Base",2,"base",YES,"JNW72"
"puppy paint bursh - paint rolller HANDLE (PVC75)","Puppy Paint Bursh Paint Rolller Handle (pvc75)",2,"handle",YES,"JKB66"
"Castle back","Castle Back",2,"castle",YES,"JNW72"
"Purse-Ft","Purse FT",2,"purse",YES,"JMH18, JNG38"
"puse handle","Puse Handle",2,"handle",YES,"JNC38"
"car wheel","Car Wheel",2,"wheel",YES,"JKB66"
"quill  pen","Quill Pen",2,"quill",YES,"JMB81"
"Rainbow Hand bag","Rainbow Hand Bag",2,"hand",YES,"JMV17"
"ramen","Ramen",2,"ramen",YES,"JHK29"
"Rapunzel-Arm Lower-Lt","Rapunzel Arm Lower LT",2,"arm",YES,"JLK28"
"Carrot Garden w/ back","Carrot Garden W/ Back",2,"carrot",YES,"JFG30"
"car rope","Car Rope",2,"car",YES,"JKB66"
"carriage","Carriage",2,"carriage",YES,"JNK62"
"Card Box ","Card Box",2,"packaging",YES,"JMP45"
"BAG PENDANT","Bag Pendant",2,"bag",YES,"JHK34"
"Red-fairy","Red Fairy",2,"red",YES,"JHL47"
"Red-fairy-base","Red Fairy Base",2,"base",YES,"JHL47"
"Bag-Handle","Bag Handle",2,"handle",YES,"JBJ16"
"Torso-Ft-Lower","Torso FT Lower",2,"body",YES,"JKH62, JKH63"
"Torso-Ft-Suit","Torso FT Suit",2,"body",YES,"JKH56"
"RG hand – straight hand","Rg Hand – Straight Hand",2,"hand",YES,"JBJ30"
"car body","Car Body",2,"body",YES,"JKB66"
"Ribbon-Exit","Ribbon Exit",2,"ribbon",YES,"JLV22"
"bag handle","Bag Handle",2,"handle",YES,"JDR48"
"Cape-Collar","Cape Collar",2,"cape",YES,"JPV19"
"Candle-Ft.","Candle FT",2,"candle",YES,"JBJ12"
"Right-leg-flat-foot","Right Leg Flat Foot",2,"leg",YES,"JMH18"
"Candle-Flame","Candle Flame",2,"candle",YES,"JBJ12"
"Candle","Candle",2,"candle",NO,"JBJ15, JJB41"
"Candied Apple Handle","Candied Apple Handle",2,"handle",NO,"JPD82"
"Ringmaster Boots LT","Ringmaster Boots LT",2,"ringmaster",NO,"JPD82"
"Roll-Bar","Roll Bar",2,"roll",YES,"JRV66"
"Roller-Lt","Roller LT",2,"roller",YES,"JGG38"
"roof","Roof",2,"roof",YES,"JFG29"
"Cake-stand-top","Cake Stand Top",2,"base",YES,"JBJ15"
"CACTUS POPSICLE ","Cactus Popsicle",2,"cactus",YES,"JRF20"
"BAG COVER","Bag Cover",2,"cover",YES,"JHK34"
"Rope Belt","Rope Belt",2,"rope",NO,"JTK70"
"Rotating-pottery-Bottom","Rotating Pottery Bottom",2,"rotating",YES,"JRB19"
"button eyes","Button Eyes",2,"control",YES,"JHK44"
"runway board","Runway Board",2,"runway",YES,"JNK62"
"Bag ","Bag",2,"bag",YES,"JMV19"
"Tote Bag","Tote Bag",2,"tote",NO,"JTN92"
"salad bowl top","Salad Bowl Top",2,"salad",YES,"JHK32"
"Anna knee connector","Anna Knee Connector",2,"connector",YES,"JJP88"
"bushing-ring-cultch","Bushing Ring Cultch",2,"accessory",YES,"JLW56"
"Scepter","Scepter",2,"scepter",NO,"JNW72"
"Bunting-Rope","Bunting Rope",2,"bunting",YES,"JTP16"
"Bunny","Bunny",2,"bunny",NO,"JPL74, JTX01"
"brush","Brush",2,"brush",YES,"JMG74"
"Brooklyn-right leg ","Brooklyn Right Leg",2,"leg",YES,"JLX47"
"Brooklyn headband ","Brooklyn Headband",2,"brooklyn",YES,"JLX47"
"SEAMONSTER POPSICLE","Seamonster Popsicle",2,"seamonster",YES,"JRF19"
"Back Wall","Back Wall",2,"back",NO,"JFG30"
"BRIGDE","Brigde",2,"brigde",YES,"JTP41"
"Bra-Ft","Bra FT",2,"bra",YES,"JHL55"
"Seat belt","Seat Belt",2,"seat",YES,"JRV66"
"WINDOW HOOPS RT","Window Hoops RT",2,"window",YES,"JPD90"
"Back-Plate","Back Plate",2,"back",YES,"JLV22"
"serum bottom","Serum Bottom",2,"serum",YES,"JHK43"
"SETTING SPRAY COVER","Setting Spray Cover",2,"cover",YES,"JPD89"
"Windshield Frame","Windshield Frame",2,"frame",NO,"JRJ29"
"Trigger pully-wing holder","Trigger Pully Wing Holder",2,"holder",YES,"JLW56"
"Back-panel","Back Panel",2,"panel",YES,"JHL60"
"shoe","Shoe",2,"footwear",YES,"JMV21"
"bracelets","Bracelet",2,"bracelets",YES,"JLP19"
"Back cover","Back Cover",2,"cover",YES,"JRJ29"
"BRACELET #3","Bracelet #3",2,"accessory",YES,"JHK34"
"BRACELET #2","Bracelet #2",2,"accessory",YES,"JHK34"
" bracelet","Bracelet",2,"accessory",YES,"JHK33"
"Bra","Bra",2,"bra",NO,"JLK25"
"WINDSHIELD-FRAME","Windshield Frame",2,"frame",YES,"JRV66"
"Wing-gear box","Wing Gear Box",2,"packaging",YES,"JLW56"
"Bow-top-layer","Bow Top Layer",2,"bow",YES,"JLK35"
"Bows-lt-pink","Bows LT Pink",2,"bows",YES,"JLK35"
"tupperware top","Tupperware Top",2,"tupperware",YES,"JMB82"
"animal bowl","Animal Bowl",2,"animal",YES,"JFG29"
"wire-equipment","Wire Equipment",2,"wire",YES,"JKP51"
"Bow-bottom-layer","Bow Bottom Layer",2,"bow",YES,"JLK35"
"bottle knob top","Bottle Knob Top",2,"control",YES,"JRD72"
"bottle inner","Bottle Inner",2,"bottle",YES,"JRD72"
"Bottle cap","Bottle Cap",2,"cover",YES,"JTJ05"
"Upper-Arm-Armor","Upper Arm Armor",2,"arm",YES,"JJX56"
"Baby Sloth","Baby Sloth",2,"baby",NO,"JKF79"
"Artifact-bow","Artifact Bow",2,"artifact",YES,"JKN62"
"shop sign holder","Shop Sign Holder",2,"holder",YES,"JNK62"
"Shoulder-Connector-Rt","Shoulder Connector RT",2,"connector",YES,"HYM38"
"Shoulder-Rt","Shoulder RT",2,"shoulder",YES,"HYM38"
"angled makeup brush","Angled Makeup Brush",2,"angled",YES,"JMG74"
"boot-Rt","Boot RT",2,"footwear",YES,"JGG36"
"Arm Upper Rt","Arm Upper RT",2,"arm",YES,"JJX29"
"Skeleton-body","Skeleton Body",2,"body",YES,"JBJ15"
"skullette case","Skullette Case",2,"skullette",YES,"JHK44"
"SKULLETTE CONCHA","Skullette Concha",2,"skullette",YES,"JHK34"
"sled","Sled",2,"sled",YES,"JJP87"
"Arm Shoulder Rt","Arm Shoulder RT",2,"arm",YES,"JJX29"
"sled front","Sled Front",2,"sled",YES,"JJP87"
"Boot-Bindings-Rt","Boot Bindings RT",2,"footwear",YES,"JJY08"
"sled handle support","Sled Handle Support",2,"handle",YES,"JJP87"
"Arm-Lt-with-close-finger","Arm LT With Close Finger",2,"arm",YES,"JMH18"
"sled roller outer","Sled Roller Outer",2,"sled",YES,"JJP87"
"sleeping dustin","Sleeping Dustin",2,"sleeping",YES,"JMB82"
"Upper leg Rt","Upper Leg RT",2,"leg",YES,"JGG36"
"Book-support","Book Support",2,"book",YES,"JLK35"
"upper leg rt ft","Upper Leg RT FT",2,"leg",YES,"JDR48"
"Snack","Snack",2,"snack",NO,"JMV19"
"Book-back","Book Back",2,"book",YES,"JLK35"
"snake jar","Snake Jar",2,"snake",YES,"JMG74"
"snake jar cover","Snake Jar Cover",2,"cover",YES,"JMG74"
"Sneakers","Sneakers",2,"sneakers",NO,"JPL16"
"FLAMINGO","Flamingo",2,"flamingo",YES,"JKB65"
"Flipping Trough Body","Flipping Trough Body",2,"body",NO,"JFG30"
"Floatie tail","Floatie Tail",2,"floatie",YES,"JLX39"
"floor","Floor",2,"floor",YES,"JFG29"
"Fish Prize Bag LT","Fish Prize Bag LT",2,"fish",NO,"JTK70"
"Flounder and sebastain","Flounder And Sebastain",2,"flounder",YES,"JTP42"
"Flower-Clip","Flower Clip",2,"clip",YES,"JLP16"
"Flower for SHOES","Flower For Shoes",2,"flower",YES,"JHK34"
"Flower Pot","Flower Pot",2,"flower",NO,"JHG98"
"flowers","Flower",2,"flowers",YES,"JHK45"
"Fireplace Rt","Fireplace RT",2,"fireplace",YES,"JJV61"
"Fin-ring","Fin Ring",2,"accessory",YES,"JKH55, JKH56"
"fidh body lt","Fidh Body LT",2,"body",YES,"JHK33"
"foot connector","Foot Connector",2,"foot",YES,"JGP25"
"fidget barcelet","Fidget Barcelet",2,"fidget",YES,"JMB82"
"fence","Fence",2,"fence",YES,"JNK62"
"Blue-fairy-base","Blue Fairy Base",2,"base",YES,"JHL47"
"Foot-Rt-outer","Foot RT Outer",2,"foot",YES,"JGP25"
"feather","Feather",2,"feather",YES,"JBJ45"
"FOX HAIR","Fox Hair",2,"hair",YES,"JHK34"
"Fanny-Pack-Logo","Fanny Pack Logo",2,"fanny",YES,"JBH80"
"Frankie Purse","Frankie Purse",2,"frankie",NO,"JPD81"
"Front Piece","Front Piece",2,"front",NO,"JTW98"
"Front Post Frame","Front Post Frame",2,"frame",NO,"JFG30"
"Snow Roof","Snow Roof",2,"snow",NO,"JFG30"
"FAKE LASHES","Fake Lashes",2,"fake",YES,"JPD90"
"Blue-fairy","Blue Fairy",2,"blue",YES,"JHL47"
"game console handle lt","Game Console Handle LT",2,"handle",YES,"JMG73"
"game console handle rt","Game Console Handle RT",2,"handle",YES,"JMG73"
"Facemask","Facemask",2,"facemask",NO,"JLT64"
"GEL JAR CHERRY","Gel Jar Cherry",2,"gel",YES,"JMV21"
"GEL JAR INNER","Gel Jar Inner",2,"gel",YES,"JMV21"
"GEL JAR STRAWBERRY","Gel Jar Strawberry",2,"gel",YES,"JMV22"
"Gem-for-shoe","Gem For Shoe",2,"footwear",YES,"JJX53"
"Gem Necklace","Gem Necklace",2,"accessory",NO,"JJN73"
"workbench BACK","Workbench Back",2,"workbench",YES,"JKB66"
"Gift-Box-Star-Bow","Gift Box Star Bow",2,"packaging",YES,"JLV22"
"Gift-Box-Top","Gift Box Top",2,"packaging",YES,"JLV22"
"Girl lower arm Rt","Girl Lower Arm RT",2,"arm",YES,"JMB81"
"Extruder-Tube-CAP","Extruder Tube Cap",2,"cover",YES,"JLV22"
"Gloves Lower Arm LT","Gloves Lower Arm LT",2,"arm",NO,"JPD82"
"Gnome","Gnome",2,"gnome",NO,"JKB65"
"Gold Fish","Gold Fish",2,"gold",NO,"JPD89"
"Spike Hoop Earrings ","Spike Hoop Earrings",2,"spike",YES,"JTJ05"
"Evil Queen base","Evil Queen Base",2,"base",YES,"JPL71"
"spinning base","Spinning Base",2,"base",YES,"JLT65"
"Envelops","Envelops",2,"envelops",NO,"JKB65"
"Green-fairy","Green Fairy",2,"green",YES,"JHL47"
"B logo","B Logo",2,"b",YES,"JPL14"
"GusGus","Gusgus",2,"gusgus",YES,"JLH83"
"Elsa ARM RT LT","Elsa Arm RT LT",2,"arm",YES,"JHH08"
"Elbow-connector","Elbow Connector",2,"connector",YES,"JGP21"
"Vase","Vase",2,"vase",NO,"JRB19"
"hair bows","Hair Bows",2,"hair",YES,"JHK29"
"hair cap","Hair Cap",2,"hair",YES,"JLT64"
"Spray bottle","Spray Bottle",2,"spray",YES,"JKP50"
"EGG","Egg",2,"egg",YES,"JPL74"
"eerie smoothie","Eerie Smoothie",2,"eerie",YES,"JHK32"
"HAIR-CLIP","Hair Clip",2,"hair",YES,"JHK34"
"workbench leg lt","Workbench Leg LT",2,"leg",YES,"JKB66"
"Hair clips-R","Hair Clips R",2,"hair",YES,"JBJ45"
"Earrings-top-rt","Earrings Top RT",2,"earrings",YES,"JJX96"
"Black-cat-tail","Black Cat Tail",2,"black",YES,"JBJ15"
"hair cream  lid","Hair Cream Lid",2,"hair",YES,"JHK45"
"hairdryer","Hairdryer",2,"hairdryer",YES,"JMG73"
"hairdryer nozzle","Hairdryer Nozzle",2,"hairdryer",YES,"JMG73"
"Vine Chain Belt","Vine Chain Belt",2,"vine",NO,"JTJ05"
"Hair Spray","Hair Spray",2,"hair",NO,"JGG36"
"Hair trinkets","Hair Trinkets",2,"hair",YES,"JPL54"
"Black-cat","Black Cat",2,"black",YES,"JBJ15"
"Hammock","Hammock",2,"hammock",NO,"JKF79"
"Earring-Dangle","Earring Dangle",2,"accessory",YES,"JJX47"
"Earring ","Earring",2,"accessory",YES,"JPT85"
"Vine Purse","Vine Purse",2,"vine",NO,"JTJ05"
"Handle","Handle",2,"handle",NO,"JTP41"
"HANDLE/Bracelet","Handle/bracelet",2,"accessory",YES,"JPL74"
"Earing-lt","Earing LT",2,"earing",YES,"JKP51"
"dustin headphones","Dustin Headphones",2,"dustin",YES,"JMB82"
"Dress-Brooch","Dress Brooch",2,"clothing",YES,"JLK31"
"Dough-pattern","Dough Pattern",2,"dough",YES,"JHL47"
"Double Hinge","Double Hinge",2,"joint",NO,"JLT63"
"doll stand waist clip","Doll Stand Waist Clip",2,"base",YES,"JLT59"
"Handsanitizer","Handsanitizer",2,"handsanitizer",NO,"JMV16"
"Hanger-Rack","Hanger Rack",2,"hanger",YES,"JLK35"
"Hat-Band","Hat Band",2,"hat",YES,"JBJ06"
"Hat-Headlights","Hat Headlights",2,"hat",YES,"JBH80"
"doll stand post","Doll Stand Post",2,"base",YES,"JJY04"
"Doll stand pin","Doll Stand Pin",2,"base",YES,"JTW98"
"Doll stand dead weight","Doll Stand Dead Weight",2,"base",YES,"JGL50"
" Headband","Headband",2,"headband",YES,"JPD81"
"Headdress","Headdress",2,"headdress",NO,"JBH89"
"1F floor","1f Floor",2,"1f",YES,"JNK62"
"arm bands","Arm Bands",2,"arm",YES,"JLP19"
"Head towel","Head Towel",2,"head",YES,"JLT64"
"Heart Bag","Heart Bag",2,"heart",NO,"JPL18"
"heart Bag-base","Heart Bag Base",2,"base",YES,"JMV16"
"heart Bag-cover","Heart Bag Cover",2,"cover",YES,"JMV16"
"heart Bag-lens","Heart Bag Lens",2,"heart",YES,"JMV16"
"Heart buckle","Heart Buckle",2,"heart",YES,"JJN72"
"Heart Buckle","Heart Buckle",2,"heart",NO,"JMV17"
"doll beret","Doll Beret",2,"doll",YES,"JFP38"
"Heart-paint-palette","Heart Paint Palette",2,"heart",YES,"JRB19"
"Hearts-hair-clip","Hearts Hair Clip",2,"hair",YES,"JGG39"
"Stem-with-leaf A","Stem With Leaf A",2,"stem",YES,"JKB65"
"Heel","Heel",2,"heel",NO,"JBJ38"
"DOG-VEST","Dog Vest",2,"dog",YES,"JNM28"
"Hey seat","Hey Seat",2,"hey",YES,"JFG30"
"highlighter","Highlighter",2,"highlighter",YES,"JHK43"
"dog panny bag","Dog Panny Bag",2,"dog",YES,"JFP39"
"Hip-Ball-Connector","Hip Ball Connector",2,"connector",YES,"JLP17"
"dog house window lt","Dog House Window LT",2,"dog",YES,"JKB66"
"hip connector","Hip Connector",2,"connector",YES,"JLT59"
"Hip-connector","Hip Connector",2,"connector",YES,"JGP21"
"Hip Connector","Hip Connector",2,"connector",NO,"GFL38"
"Hip Connector Holder Insert","Hip Connector Holder Insert",2,"connector",NO,"JMP50"
"STOCKING","Stocking",2,"stocking",YES,"JLJ06"
"Stone & wave","Stone & Wave",2,"stone",YES,"JTP42"
"Bike main frame","Bike Main Frame",2,"frame",YES,"JJP88"
"hooves hair lt FT RR rt FT RR","Hooves Hair LT FT RR RT FT RR",2,"hair",YES,"JHH09"
"Dog-head-Ft","Dog Head FT",2,"head",YES,"JJX75"
"dog collar","Dog Collar",2,"dog",YES,"JFP36, JJV59"
"Hula Hoop Corset","Hula Hoop Corset",2,"hula",NO,"JPD80"
"hunter ankle connector","Hunter Ankle Connector",2,"connector",YES,"JMP50"
"Waist-Connector","Waist Connector",2,"connector",YES,"HYM38"
"hunter Elbow connector","Hunter Elbow Connector",2,"connector",YES,"JMP50"
"accy holder","Accy Holder",2,"accessory",YES,"JNK62"
"ice mountain top","Ice Mountain Top",2,"ice",YES,"JNW74"
"dog camera","Dog Camera",2,"dog",YES,"JFP37"
"Icoffin","Icoffin",2,"icoffin",NO,"JMB82"
"STRAWBERRY STICK","Strawberry Stick",2,"strawberry",YES,"JMV22"
"ICY SEE-SAW Base","Icy See Saw Base",2,"base",YES,"JJP94"
"incense burner","Incense Burner",2,"incense",YES,"JHK45"
"stressball dustin toy","Stressball Dustin Toy",2,"stressball",YES,"JMB82"
"Infinity earrings lt","Infinity Earrings LT",2,"infinity",YES,"JMB82"
"apple pie","Apple Pie",2,"apple",YES,"JHK31"
"jar cover","Jar Cover",2,"cover",YES,"JMG73"
"Jester Necklace","Jester Necklace",2,"accessory",NO,"JTK70"
"Sugar Skull Mask","Sugar Skull Mask",2,"sugar",NO,"JJX96"
"Dog-body-Lt","Dog Body LT",2,"body",YES,"JJX75"
"Wrist Connector","Wrist Connector",2,"connector",NO,"GFL38, JGG38"
"Suitcase cover","Suitcase Cover",2,"cover",YES,"JMJ47"
"dog bag","Dog Bag",2,"dog",YES,"JFP38"
"JTV75-005-Kitties head","Kitties Head",2,"head",YES,"JTV75"
"JTV75-006-Mama Cat FT","Mama Cat FT",2,"jtv75",YES,"JTV75"
"JTV75-009-Bedside","Bedside",2,"jtv75",YES,"JTV75"
"Suitcase stick","Suitcase Stick",2,"suitcase",YES,"JMJ47"
"JTV75-011-Bed  ","Bed",2,"jtv75",YES,"JTV75"
"dirll - paint rolller handle - paint bursh (PVC75) ","Dirll Paint Rolller Handle Paint Bursh (pvc75)",2,"handle",YES,"JKB66"
"Katrina Arm Upper Rt.","Katrina Arm Upper RT",2,"arm",YES,"JHK34"
"Katrina Elbow Connector","Katrina Elbow Connector",2,"connector",NO,"JHK34"
"Katrina Hand Rt.","Katrina Hand RT",2,"hand",YES,"JHK34"
"Katrina Hip Connector","Katrina Hip Connector",2,"connector",NO,"JHK34"
"Katrina Knee Connector","Katrina Knee Connector",2,"connector",NO,"JHK34"
" belt","Belt",2,"belt",YES,"JHK31"
"Katrina Shoulder Connector","Katrina Shoulder Connector",2,"connector",NO,"JHK34"
"Dipping Dish","Dipping Dish",2,"dipping",NO,"JLW56"
"Desk-Top","Desk Top",2,"desk",YES,"JKB64"
"Katrina Wrist Connector","Katrina Wrist Connector",2,"connector",NO,"JHK34"
"DESK-LEGS-RT","Desk Legs RT",2,"desk",YES,"JKB64"
"ketchup","Ketchup",2,"ketchup",YES,"JJB45"
"Knee Connector","Knee Connector",2,"connector",NO,"GFL38"
"Lacy Gloves Hands LT","Lacy Gloves Hands LT",2,"lacy",NO,"JTK70"
"bellt","Bellt",2,"bellt",YES,"JMB81"
"lamp","Lamp",2,"lamp",YES,"JHK46, JTW99"
"LAMP","Lamp",2,"lamp",YES,"JKB64"
"Lantern","Lantern",2,"lantern",NO,"JJV56"
"bedbug necktie","Bedbug Necktie",2,"bedbug",YES,"JMB82"
"Bed","Bed",2,"bed",NO,"JTP16"
"curtain","Curtain",2,"curtain",YES,"JNK62"
"cup","Cup",2,"cup",YES,"JHK30"
"Leaf-clip","Leaf Clip",2,"clip",YES,"JTR73"
"leash","Leash",2,"leash",YES,"JJV59"
"BEAUTY BLENDER","Beauty Blender",2,"beauty",YES,"JPD89"
"Left-boot-FT","Left Boot FT",2,"footwear",YES,"JLW52"
"Croissant","Croissant",2,"croissant",NO,"JLT63"
"Wallet buckle","Wallet Buckle",2,"wallet",YES,"JMP47"
"Leg armature upper RT","Leg Armature Upper RT",2,"leg",YES,"JBJ50"
"Leg-Connector","Leg Connector",2,"leg",YES,"JNJ61"
"Leg-connector-holder","Leg Connector Holder",2,"leg",YES,"JLP17"
"leg fin lt","Leg Fin LT",2,"leg",YES,"JDR56"
"croissant","Croissant",2,"croissant",YES,"JHK30"
"crochet tool A","Crochet Tool A",2,"crochet",YES,"JHK44"
"CRESCENT PALETTE","Crescent Palette",2,"crescent",YES,"JPD88"
"LEG LT","Leg LT",2,"leg",YES,"JHK42"
"cover","Cover",2,"cover",YES,"JNK62"
"Counter door","Counter Door",2,"counter",YES,"JLT63"
"Cotton Candy LT","Cotton Candy LT",2,"cotton",NO,"JPD80"
"Lei","Lei",2,"lei",NO,"JLN16"
"lightstick btm","Lightstick Btm",2,"lightstick",YES,"JMG68"
"lightstick top","Lightstick Top",2,"lightstick",YES,"JMG68"
"LIP STICK","Lip Stick",2,"lip",YES,"JPD88"
"Locket front","Locket Front",2,"locket",YES,"JLX47"
"Clutch","Clutch",2,"clutch",NO,"JPL11"
"Bear-slipper","Bear Slipper",2,"footwear",YES,"JGG39"
"Sword-Sheath","Sword Sheath",2,"sword",YES,"JJY03"
"lotion bottle","Lotion Bottle",2,"lotion",YES,"JRD75"
"clutch","Clutch",2,"clutch",YES,"JJN73"
"Clown Skullette Earring LT","Clown Skullette Earring LT",2,"accessory",NO,"JPD81"
"Lower-Arm-Rt.","Lower Arm RT",2,"arm",YES,"JGG38"
"Clips-A","Clips A",2,"clips",YES,"JLK35"
"lower leg lt","Lower Leg LT",2,"leg",YES,"JLT59"
"Table-cake-base","Table Cake Base",2,"base",YES,"JHL47"
"Clip-on SLEEVES","Clip On Sleeves",2,"clip",YES,"JRY64"
"Lower-Leg-Rt.","Lower Leg RT",2,"leg",YES,"JGG38"
"Table-cam","Table Cam",2,"table",YES,"JHL47"
"Table-housing","Table Housing",2,"table",YES,"JHL47"
"B-Bucket","B Bucket",2,"b",YES,"JJX53"
"Mailbox-base","Mailbox Base",2,"base",YES,"JKB65"
"Mailbox-POST","Mailbox Post",2,"mailbox",YES,"JKB65"
"Table-Top","Table Top",2,"table",YES,"JLV22"
"CLG16-2859-Shoes","Shoe",2,"clg16",YES,"JJB34"
"Clear-Purse-Ft","Clear Purse FT",2,"clear",YES,"JJX53"
"Maleficent Face","Maleficent Face",2,"face",NO,"JJV55"
"Bat Popsicle","Bat Popsicle",2,"bat",NO,"JRF17"
"CLEANSER BOTTLE","Cleanser Bottle",2,"cleanser",YES,"JPD90"
"Circus Tent Hat Cover LT","Circus Tent Hat Cover LT",2,"cover",NO,"JTK70"
"Malibu Headband ","Malibu Headband",2,"malibu",YES,"JLX47"
"Malibu-right leg ","Malibu Right Leg",2,"leg",YES,"JLX47"
"mammoth","Mammoth",2,"mammoth",YES,"JHK44"
"Marsk","Marsk",2,"marsk",NO,"JPV19"
"Wrist connector","Wrist Connector",1,"connector",YES,"JGP25"
"belt trims B","Belt Trims B",1,"belt",YES,"JLP19"
"hunter Shoulder connector","Hunter Shoulder Connector",1,"connector",YES,"JMP50"
"bag windshield","Bag Windshield",1,"bag",YES,"JPL13"
"Straw","Straw",1,"straw",NO,"JTJ05"
"ice cream","Ice Cream",1,"ice",YES,"JJB44"
"ice cream top","Ice Cream Top",1,"ice",YES,"JJB44"
"purse ft","Purse FT",1,"purse",YES,"JHK29"
"Doll stand base top","Doll Stand Base Top",1,"base",YES,"JGL50"
"dog bracelet","Dog Bracelet",1,"accessory",YES,"JFP37"
"car window","Car Window",1,"car",YES,"JKB66"
"icoffin 13","Icoffin 13",1,"icoffin",YES,"JHK30"
"Flipping Food","Flipping Food",1,"flipping",NO,"JFG30"
"ICY SEE-SAW","Icy See Saw",1,"icy",YES,"JJP94"
"Stick","Stick",1,"stick",NO,"JMV19"
"Boat-Mold","Boat Mold",1,"boat",YES,"JLV22"
"Wheel-B","Wheel B",1,"wheel",YES,"JLK36"
"rabbit","Rabbit",1,"rabbit",YES,"JRD76"
"Rabbit-Toy-body","Rabbit Toy Body",1,"body",YES,"JTT59"
"inkwell top","Inkwell Top",1,"inkwell",YES,"JMB81"
"ipad","Ipad",1,"ipad",YES,"JHK46"
"Submarine-Ft.","Submarine FT",1,"submarine",YES,"HRM35"
"Rabbit-Toy-head","Rabbit Toy Head",1,"head",YES,"JTT59"
"Bag Top","Bag Top",1,"bag",NO,"JPL14"
"Radio ft","Radio FT",1,"radio",YES,"JHK45"
"JFG71-009-Arm-Lower-Rt","Arm Lower RT",1,"arm",YES,"JFP37"
"JFG72-008-Arm-Lower-Rt","Arm Lower RT",1,"arm",YES,"JFP39"
"JFG72-010-Leg-lower-Rt","Leg Lower RT",1,"leg",YES,"JFP39"
"dog bowl","Dog Bowl",1,"dog",YES,"JJV59"
"DOLL STAND","Doll Stand",1,"base",YES,"JKB48"
"Dog-body","Dog Body",1,"body",YES,"JRJ36"
"Rajah","Rajah",1,"rajah",NO,"JTW99"
"Snowboard","Snowboard",1,"snowboard",NO,"JJY08"
"HEADBAND","Headband",1,"headband",YES,"JPD90"
"belt trims A","Belt Trims A",1,"belt",YES,"JLP19"
"JJN69-003-BAG-HANDLE","Bag Handle",1,"handle",YES,"JJN69"
"JTV75-001-Pet toy","Pet Toy",1,"jtv75",YES,"JTV75"
"JTV75-003-Kitties FT","Kitties FT",1,"jtv75",YES,"JTV75"
"fish tail","Fish Tail",1,"fish",YES,"JHK33"
"vip pass","Vip Pass",1,"vip",YES,"JMG68"
"Flounder","Flounder",1,"flounder",NO,"JTW98"
"Amulet","Amulet",1,"amulet",NO,"JBJ15"
"record","Record",1,"record",YES,"JHK46"
"record player","Record Player",1,"record",YES,"JHK46"
"record player  clip","Record Player Clip",1,"clip",YES,"JHK46"
"flower","Flower",1,"flower",YES,"JKF79"
"Fish Prize Bag Handle","Fish Prize Bag Handle",1,"handle",NO,"JTK70"
"Doll-Mold","Doll Mold",1,"doll",YES,"JLV22"
"Dog-tail","Dog Tail",1,"dog",YES,"JJX75"
"Flower Pins","Flower Pins",1,"flower",NO,"JTW98"
"Suitcase-wheel","Suitcase Wheel",1,"wheel",YES,"JMV16"
"henna stencil","Henna Stencil",1,"henna",YES,"JHK44"
"work bench","Work Bench",1,"work",YES,"JNK62"
"EARRINGS SAFETY PIN","Earrings Safety Pin",1,"earrings",YES,"JHK41"
"doll Hair Clip","Doll Hair Clip",1,"hair",YES,"JTV74"
"Fire","Fire",1,"fire",NO,"JJV61"
"Kelly straight Arm Rt","Kelly Straight Arm RT",1,"arm",YES,"JMJ46"
"Ken Sunglasses","Ken Sunglasses",1,"ken",NO,"JJN95"
"Sun","Sun",1,"sun",NO,"JTX00"
"Earrings-Rt","Earrings RT",1,"earrings",YES,"JBJ16"
"Kettlebell","Kettlebell",1,"kettlebell",NO,"JJN51"
"keylock-12mm","Keylock 12mm",1,"keylock",YES,"JLT63"
"Dead-weight-for-cage","Dead Weight For Cage",1,"dead",YES,"JMV26"
"Knee-connector","Knee Connector",1,"connector",YES,"JGP21"
"Fin Holder","Fin Holder",1,"holder",NO,"JLW56"
"DASH BOARD","Dash Board",1,"dash",YES,"JRV66"
"Knee Pads","Knee Pads",1,"knee",NO,"JPV22"
"Labterns","Labterns",1,"labterns",NO,"JTX00"
"Fin Connector","Fin Connector",1,"connector",NO,"JLW56"
"dog house base","Dog House Base",1,"base",YES,"JKB66"
"Font wheel","Font Wheel",1,"wheel",YES,"JMJ46"
"Head-gear          ","Head Gear",1,"head",YES,"JGP25"
"hair dye brush","Hair Dye Brush",1,"hair",YES,"JMG73"
"Earrings-bottom-rt","Earrings Bottom RT",1,"earrings",YES,"JJX96"
"Candelabra","Candelabra",1,"candelabra",NO,"JBJ15"
"doll hair cilp","Doll Hair Cilp",1,"hair",YES,"JFP36"
"Cake-topper","Cake Topper",1,"cake",YES,"JHL47"
"hair plug","Hair Plug",1,"hair",YES,"JLP19"
"doll hair barrette","Doll Hair Barrette",1,"hair",YES,"JFP39"
"Snowflake-Mold","Snowflake Mold",1,"snowflake",YES,"JLV22"
"Leash Rope w/handle","Leash Rope W/handle",1,"handle",YES,"JJN52"
"Hair Spray Lid","Hair Spray Lid",1,"hair",NO,"JGG36"
"cuffs-R","Cuffs R",1,"cuffs",YES,"JBJ36"
"CUFF","Cuff",1,"cuff",YES,"JJX37"
"SNOWFLAKES-CLIP","Snowflakes Clip",1,"clip",YES,"JHH08"
"Doll ear RT","Doll Ear RT",1,"doll",YES,"JPD90"
"Left-Seat","Left Seat",1,"left",YES,"JRV66"
"Wallet Strap","Wallet Strap",1,"wallet",NO,"JMP47"
"LEG","Leg",1,"leg",YES,"JJX87"
"Rotating-pottery-Top","Rotating Pottery Top",1,"rotating",YES,"JRB19"
"round shells","Round Shells",1,"round",YES,"JLP19"
"Torso-suit-Ft","Torso Suit FT",1,"body",YES,"JJV61"
"Frame-Base","Frame Base",1,"base",YES,"JMV25"
"Bag-Cover","Bag Cover",1,"cover",YES,"JMV19"
"Bag-chain","Bag Chain",1,"bag",YES,"JNG38"
"Frame-beam","Frame Beam",1,"frame",YES,"JHL47"
"Wallet top","Wallet Top",1,"wallet",YES,"JMP47"
"SWING","Swing",1,"swing",YES,"JTP41"
"cream","Cream",1,"cream",YES,"JHK30"
"Waist-clip-big","Waist Clip Big",1,"clip",YES,"JPR88"
"leg-R","Leg R",1,"leg",YES,"JBJ49"
"Swing clip","Swing Clip",1,"clip",YES,"JTW98"
"Fanny-Pack-Belt-Base","Fanny Pack Belt Base",1,"base",YES,"JBH80"
"Leg support","Leg Support",1,"leg",YES,"JKB64"
"Swing post, chain","Swing Post, Chain",1,"swing",YES,"JJP94"
"butterfly-headband","Butterfly Headband",1,"butterfly",YES,"JRT65"
"Fan-Holder","Fan Holder",1,"holder",YES,"JJX98"
"Salad Jar cap","Salad Jar Cap",1,"cover",YES,"JTJ05"
"sand","Sand",1,"sand",YES,"JLP19"
"steel screw cup","Steel Screw Cup",1,"steel",YES,"JHK31"
"lip balm body","Lip Balm Body",1,"body",YES,"JHK44"
"cookie","Cookie",1,"cookie",YES,"JTJ05"
"Component","Component",1,"component",NO,"JPL14"
"Lipstick","Lipstick",1,"lipstick",NO,"JTJ05"
"Hisette Crown","Hisette Crown",1,"accessory",NO,"JHK32"
"LIP STICK COVER","Lip Stick Cover",1,"cover",YES,"JPD88"
"LIQUID SPARKLE CHERRY","Liquid Sparkle Cherry",1,"liquid",YES,"JMV21"
"LIQUID SPARKLE STRAWBERRY","Liquid Sparkle Strawberry",1,"liquid",YES,"JMV22"
"Compass","Compass",1,"compass",NO,"JJV60"
"COMB","Comb",1,"comb",YES,"JRF23"
"Back wheel","Back Wheel",1,"wheel",YES,"JMJ46"
"sawtooth","Sawtooth",1,"sawtooth",YES,"JKB66"
"scented tablet","Scented Tablet",1,"scented",YES,"JTW98"
"steel screw cup top","Steel Screw Cup Top",1,"steel",YES,"JHK31"
"lotion","Lotion",1,"lotion",YES,"JHK43"
"Front wheel","Front Wheel",1,"wheel",YES,"JJB42"
"Fan","Fan",1,"fan",NO,"JKP51"
"Star Backpack-Leas","Star Backpack Leas",1,"star",YES,"JPL16"
"Broom-handle","Broom Handle",1,"handle",YES,"JBJ15"
"face roller holder","Face Roller Holder",1,"face",YES,"JHK43"
"ear protection","Ear Protection",1,"ear",YES,"JKB66"
"Bear-jar","Bear Jar",1,"bear",YES,"JRB19"
"lower leg rt","Lower Leg RT",1,"leg",YES,"JDR48"
"Ankle-Connector","Ankle Connector",1,"connector",YES,"HYM38"
"scissors ","Scissors",1,"scissors",YES,"JHK43"
"B logo block cover","B Logo Block Cover",1,"cover",YES,"JRD72"
"Star Backpack-Top","Star Backpack Top",1,"star",YES,"JPL16"
"Bird","Bird",1,"bird",NO,"JTX01"
"lower Torso Front","Lower Torso Front",1,"body",YES,"JBJ50"
"Low leg rt","Low Leg RT",1,"leg",YES,"JGG36"
"Clip Board","Clip Board",1,"clip",NO,"JRB19"
"LT-Leg-Suit-Front","LT Leg Suit Front",1,"leg",YES,"JNJ61"
"Clip","Clip",1,"clip",NO,"JLH33"
"Wand","Wand",1,"wand",NO,"JNB00"
"tablet","Tablet",1,"tablet",YES,"JMB81"
"Magic-Lamp","Magic Lamp",1,"magic",YES,"JLK36"
"B-logo","B Logo",1,"b",YES,"JKB65"
"Hinge","Hinge",1,"joint",NO,"JLT63"
"Hisette for headband","Hisette For Headband",1,"hisette",YES,"JHK32"
"Selfie Stick","Selfie Stick",1,"selfie",NO,"JMV19"
"table with C clip","Table With C Clip",1,"clip",YES,"JLX39"
"separate charm of bag","Separate Charm Of Bag",1,"separate",YES,"JMV19"
"dog house","Dog House",1,"dog",YES,"JKB66"
"wardrobe door","Wardrobe Door",1,"wardrobe",YES,"JNK62"
"upper torso ft","Upper Torso FT",1,"body",YES,"JDR48"
"serum cover","Serum Cover",1,"cover",YES,"JHK43"
"Treasure Chest","Treasure Chest",1,"treasure",NO,"JTP42"
"GEL JAR LID T-PIN","Gel Jar Lid T Pin",1,"cover",YES,"JMV21"
"Circus Tent Hat","Circus Tent Hat",1,"circus",NO,"JTK70"
"Soap","Soap",1,"soap",NO,"JJB43"
"Shell","Shell",1,"shell",NO,"JTW98"
"handle for bag","Handle For Bag",1,"handle",YES,"JHK32"
"Marshmallow Stick","Marshmallow Stick",1,"marshmallow",NO,"JJV61"
"dog necklace","Dog Necklace",1,"accessory",YES,"JFP36"
"Shields-Handle","Shields Handle",1,"handle",YES,"JPV19"
"Gem-heels-Lt","Gem Heels LT",1,"gem",YES,"JJX53"
" Choker","Choker",1,"choker",YES,"JBH68"
"stars","Stars",1,"stars",YES,"JPR42"
"Tail-Ft","Tail FT",1,"tail",YES,"JHL55"
"STEERING WHEEL","Steering Wheel",1,"wheel",YES,"JRV66"
"Gift-Box-Ribbon-Bow","Gift Box Ribbon Bow",1,"packaging",YES,"JLV22"
"Horse-Mold","Horse Mold",1,"horse",YES,"JLV22"
"Chocker","Chocker",1,"chocker",NO,"JFP36"
"dog house roof","Dog House Roof",1,"dog",YES,"JKB66"
"Chip-art","Chip Art",1,"chip",YES,"JKB64"
"V6986-2879-Kelly-big-bow-shoes","V6986 2879 Kelly Big Bow Shoes",1,"v6986",YES,"JJB35"
"Tailgate","Tailgate",1,"tailgate",NO,"JRV66"
"Girl Leg Rt Lower","Girl Leg RT Lower",1,"leg",YES,"JMB81"
"watch","Watch",1,"watch",YES,"JHK31"
"Girl Leg Rt Upper Ft","Girl Leg RT Upper FT",1,"leg",YES,"JMB81"
"milk bottle","Milk Bottle",1,"milk",YES,"JRD72"
"Box-S","Box S",1,"packaging",YES,"JLH33"
"Hook-for-charm","Hook For Charm",1,"hook",YES,"JNG38"
"Wrist-ribs","Wrist Ribs",1,"wrist",YES,"JNC61"
"Bows-pink","Bows Pink",1,"bows",YES,"JLK35"
"Chest connector holder","Chest Connector Holder",1,"connector",YES,"JHK34"
"water bottle body","Water Bottle Body",1,"body",YES,"JMB81"
"Moana-Torso-Ft","Moana Torso FT",1,"body",YES,"JFF08"
"TENNIS BALL","Tennis Ball",1,"tennis",YES,"JHK39"
"Girl Lower torso front","Girl Lower Torso Front",1,"body",YES,"JMB81"
"SHOES","Shoe",1,"shoes",YES,"JNC61"
"Girl upper arm Rt","Girl Upper Arm RT",1,"arm",YES,"JMB81"
"Cherry Bag Ft","Cherry Bag FT",1,"cherry",YES,"JPL17"
"Monkey-tail","Monkey Tail",1,"monkey",YES,"JLK36"
"Face-for-Frame","Face For Frame",1,"face",YES,"JMV25"
"eyeliner cover","Eyeliner Cover",1,"cover",YES,"JMG74"
"Shoes(Flats)rt","Shoes(flats)rt",1,"shoes(flats)rt",YES,"JJN58"
"Shoes-gem-rt","Shoes Gem RT",1,"shoes",YES,"JJX96"
"Bows","Bows",1,"bows",NO,"JTX01"
"Bow-for-purse","Bow For Purse",1,"bow",YES,"JMH19"
"Mother Sloth head","Mother Sloth Head",1,"head",YES,"JKF79"
"Gittler gem-B","Gittler Gem B",1,"gittler",YES,"JHL49"
"text book","Text Book",1,"text",YES,"JHK30"
"bow","Bow",1,"bow",YES,"JRD77"
"nail file","Nail File",1,"nail",YES,"JHK46"
"Shoes LT","Shoes LT",1,"shoes",NO,"JGL50"
"Gittler gem-C","Gittler Gem C",1,"gittler",YES,"JHL49"
"baby toy","Baby Toy",1,"baby",YES,"JRD76"
"Thigh-Connector","Thigh Connector",1,"connector",YES,"HYM38"
"shoes-R","Shoes R",1,"shoes",YES,"JJN52"
"Neck Connector","Neck Connector",1,"connector",NO,"GFL38"
"Neck-Connector","Neck Connector",1,"connector",YES,"JJX29"
"bottle knob bottom","Bottle Knob Bottom",1,"control",YES,"JRD72"
"Cellphone(ipod)","Cellphone(ipod)",1,"cellphone(ipod)",NO,"JJN52"
"Cecropia-ladder","Cecropia Ladder",1,"cecropia",YES,"JKF79"
"bottle inner retainer top","Bottle Inner Retainer Top",1,"bottle",YES,"JRD72"
"Gittler gem-D","Gittler Gem D",1,"gittler",YES,"JHL49"
"eyeliner ","Eyeliner",1,"eyeliner",YES,"JMG74"
"dog flower pin","Dog Flower Pin",1,"dog",YES,"JFP39"
"Extruder-shaft","Extruder Shaft",1,"extruder",YES,"JLV22"
"Upper-arm Rt","Upper Arm RT",1,"arm",YES,"JGG36"
"Hip-Connector","Hip Connector",1,"connector",YES,"HYM38"
"bottle cap","Bottle Cap",1,"cover",YES,"JHK33"
"Gloves-Lt","Gloves LT",1,"gloves",YES,"JJY08"
"bottle baby seat","Bottle Baby Seat",1,"bottle",YES,"JRD72"
"nose","Nose",1,"nose",YES,"JJP87"
"Hands-Finger-Heart","Hands Finger Heart",1,"hands",YES,"JNC61"
"Barette","Barette",1,"barette",NO,"JLT60"
"Goblet","Goblet",1,"goblet",NO,"JBJ15"
"Shouldr-Armor","Shouldr Armor",1,"shouldr",YES,"JJX56"
"Goggles","Goggles",1,"goggles",NO,"JJY08"
"Barbie logo","Barbie Logo",1,"barbie",YES,"JRV66"
"olaf stick arm lt/rt, hair","Olaf Stick Arm Lt/rt, Hair",1,"arm",YES,"JJP87"
"TIARA PLUG","Tiara Plug",1,"accessory",YES,"JLH90"
"Boots-Rt-Top","Boots RT Top",1,"boots",YES,"JJX55"
"Bangle-S","Bangle S",1,"bangle",YES,"JLH33"
"Boots-Rt","Boots RT",1,"boots",YES,"JJY08"
"Boot-RT","Boot RT",1,"footwear",YES,"JBH80"
"paint bucket","Paint Bucket",1,"paint",YES,"JKB66"
"Pascal","Pascal",1,"pascal",NO,"JTX00"
"pear hair accy","Pear Hair Accy",1,"hair",YES,"JHK33"
"Pearl-necklace","Pearl Necklace",1,"accessory",YES,"JKH63"
"Toes-Rt","Toes RT",1,"toes",YES,"HYM38"
"Hands-Heart-LT","Hands Heart LT",1,"hands",YES,"JNC61"
"Hands-Standard-LT","Hands Standard LT",1,"hands",YES,"JNC61"
"Top-Front-Light","Top Front Light",1,"top",YES,"JRV66"
"Cat-shape-plate","Cat Shape Plate",1,"cat",YES,"JRB19"
"workbench CROSS BAR","Workbench Cross Bar",1,"workbench",YES,"JKB66"
"Skipper Torso Ft","Skipper Torso FT",1,"body",YES,"GFL38"
"Cat Necklace","Cat Necklace",1,"accessory",NO,"JTV74"
"Cat-necklace","Cat Necklace",1,"accessory",YES,"JKP50"
"Boot-LT","Boot LT",1,"footwear",YES,"JBJ06"
"Gothel Hair","Gothel Hair",1,"hair",NO,"JJV56"
"Arm Upper Front-Rt","Arm Upper Front RT",1,"arm",YES,"JBJ12"
"Gothel Head Ft","Gothel Head FT",1,"head",YES,"JJV56"
"Hands-Thumbs","Hands Thumbs",1,"hands",YES,"JNC61"
"pet body lt","Pet Body LT",1,"body",YES,"JHK31"
"Hip-Connector-Holder","Hip Connector Holder",1,"connector",YES,"HYM38"
"pet goggle","Pet Goggle",1,"pet",YES,"JMB81"
"pet hair","Pet Hair",1,"hair",YES,"JHK31"
"hangers","Hangers",1,"hangers",YES,"JNK62"
"hanging gem necklace","Hanging Gem Necklace",1,"accessory",YES,"JTP17"
"Top Piece","Top Piece",1,"top",NO,"JTW98"
"Doll stand post clip-Ft","Doll Stand Post Clip FT",1,"base",YES,"JJX48"
"Petite Torso front","Petite Torso Front",1,"body",YES,"GFL38"
"Doll stand post-Barbie","Doll Stand Post Barbie",1,"base",YES,"JPR88"
"dog house grass lt","Dog House Grass LT",1,"dog",YES,"JKB66"
"ELBOW-CONNECTOR ","Elbow Connector",1,"connector",YES,"JBJ12"
"PHONE","Phone",1,"phone",YES,"JHK34"
"Balloon Rabbit","Balloon Rabbit",1,"balloon",NO,"JPD81"
"HEEL CONNECOTR","Heel Connecotr",1,"heel",YES,"JHK34"
"Wood platform","Wood Platform",1,"base",YES,"JKF79"
"Balloon Fish","Balloon Fish",1,"balloon",NO,"JTK70"
"Balloon Bat","Balloon Bat",1,"balloon",NO,"JPD82"
"Ballet-shoes","Ballet Shoes",1,"ballet",YES,"JKH63"
"hair accessory","Hair Accessory",1,"hair",YES,"JMB81"
"Small fish","Small Fish",1,"small",YES,"JTK70"
"pineapple leaves","Pineapple Leaves",1,"pineapple",YES,"JKN62"
"plant base","Plant Base",1,"base",YES,"JHK45"
"plant vase","Plant Vase",1,"plant",YES,"JHK45"
"plate","Plate",1,"plate",YES,"JRD72"
"platform","Platform",1,"base",YES,"JJB42"
"Cat head-Ft","Cat Head FT",1,"head",YES,"JTV74"
"Ballet-shoe","Ballet Shoe",1,"footwear",YES,"JKH62"
"Cat collar","Cat Collar",1,"cat",YES,"JTV74"
"Cat Clip","Cat Clip",1,"clip",NO,"JTV74"
"arm lower-Rt","Arm Lower RT",1,"arm",YES,"JFP38"
"Popcorn Bucket","Popcorn Bucket",1,"popcorn",NO,"JPD81"
"Popcorn Bucket Cover","Popcorn Bucket Cover",1,"cover",NO,"JPD81"
"Elbow connector","Elbow Connector",1,"connector",YES,"JGG36"
"Popcorn Purse Cover","Popcorn Purse Cover",1,"cover",NO,"JPD80"
"Helmet","Helmet",1,"helmet",NO,"JJY08"
"Cat Bracelet","Cat Bracelet",1,"accessory",NO,"JTV74"
"Cat body-Lt","Cat Body LT",1,"body",YES,"JTV74"
"Torso-Front-Lower","Torso Front Lower",1,"body",YES,"JNJ61"
"snack bottom","Snack Bottom",1,"snack",YES,"JDR48"
"Book-Ft","Book FT",1,"book",YES,"JBJ15"
"Doll base","Doll Base",1,"base",YES,"JPR88"
"pottery wheel bowl","Pottery Wheel Bowl",1,"wheel",YES,"JMG74"
"powder puff","Powder Puff",1,"powder",YES,"JMG74"
"bail polish lid","Bail Polish Lid",1,"cover",YES,"JHK46"
"pull ring","Pull Ring",1,"accessory",YES,"JLW56"
"Arm-connector","Arm Connector",1,"arm",YES,"JGP21"
"Hair Brush","Hair Brush",1,"hair",NO,"JLW56"
"Hip Pin","Hip Pin",1,"hip",NO,"GFL38"
"Arm C-Clip","Arm C Clip",1,"arm",YES,"JJX56"
"Puppy A","Puppy A",1,"puppy",NO,"JJN50"
"Spoon","Spoon",1,"spoon",NO,"JJB44"
"book","Book",1,"book",YES,"JMB81"
"Case with Earbuds-Wire","Case With Earbuds Wire",1,"case",YES,"JMV17"