text_id,accessory,source_sheet,shape_name,drawing_text,anchor,metadata_json
TXT-001,EARRING,EARRING,TextBox 6,1.7 mm (updated august 22),from R6C15 | to R54C44,"{""sheet"": ""EARRING"", ""shape_name"": ""TextBox 6"", ""anchor"": {""from"": {""col"": 14, ""colOff"": 519546, ""row"": 5, ""rowOff"": 69273}, ""to"": {""col"": 43, ""colOff"": 62729, ""row"": 53, ""rowOff"": 17318}}}"
TXT-002,NECKLACE,NECKLACE,TextBox 13,Desin Refference,from R13C1 | extent 124x28px,"{""sheet"": ""NECKLACE"", ""shape_name"": ""TextBox 13"", ""anchor"": {""from"": {""col"": 0, ""colOff"": 525236, ""row"": 12, ""rowOff"": 20410}, ""extent"": {""cx"": 1180964, ""cy"": 264560, ""width_px"": 124, ""height_px"": 28}}}"
TXT-003,NECKLACE,NECKLACE,TextBox 12,Opening standard,from R13C18 | extent 129x28px,"{""sheet"": ""NECKLACE"", ""shape_name"": ""TextBox 12"", ""anchor"": {""from"": {""col"": 17, ""colOff"": 239486, ""row"": 12, ""rowOff"": 20410}, ""extent"": {""cx"": 1233479, ""cy"": 264560, ""width_px"": 129, ""height_px"": 28}}}"
TXT-004,NECKLACE,NECKLACE,TextBox 5,HHN06-U831-01 --> slider 4 cav,from R15C1 | extent 209x28px,"{""sheet"": ""NECKLACE"", ""shape_name"": ""TextBox 5"", ""anchor"": {""from"": {""col"": 0, ""colOff"": 429985, ""row"": 14, ""rowOff"": 6803}, ""extent"": {""cx"": 1989006, ""cy"": 264560, ""width_px"": 209, ""height_px"": 28}}}"
TXT-005,NECKLACE,NECKLACE,TextBox 9,"HHN08-U514-01 --> gate shape Y, no slider, 4 cav",from R15C10 | extent 319x28px,"{""sheet"": ""NECKLACE"", ""shape_name"": ""TextBox 9"", ""anchor"": {""from"": {""col"": 9, ""colOff"": 117020, ""row"": 14, ""rowOff"": 6804}, ""extent"": {""cx"": 3038076, ""cy"": 264560, ""width_px"": 319, ""height_px"": 28}}}"
TXT-006,NECKLACE,NECKLACE,TextBox 11,HHN09-U514-01 --> T runner no slider 4 cavity,from R31C1 | extent 301x28px,"{""sheet"": ""NECKLACE"", ""shape_name"": ""TextBox 11"", ""anchor"": {""from"": {""col"": 0, ""colOff"": 402771, ""row"": 30, ""rowOff"": 20410}, ""extent"": {""cx"": 2868157, ""cy"": 264560, ""width_px"": 301, ""height_px"": 28}}}"
TXT-007,NECKLACE,NECKLACE,TextBox 21,CHG42 --> COULD BE 4 CAV,from R33C9 | to R35C14,"{""sheet"": ""NECKLACE"", ""shape_name"": ""TextBox 21"", ""anchor"": {""from"": {""col"": 8, ""colOff"": 599834, ""row"": 32, ""rowOff"": 106985}, ""to"": {""col"": 13, ""colOff"": 95250, ""row"": 34, ""rowOff"": 100126}}}"
TXT-008,BACKPACK ASSY,Backpack assy,TextBox 11,Locking on hole Ø3.2,from R14C1 | extent 211x39px,"{""sheet"": ""Backpack assy"", ""shape_name"": ""TextBox 11"", ""anchor"": {""from"": {""col"": 0, ""colOff"": 33617, ""row"": 13, ""rowOff"": 33618}, ""extent"": {""cx"": 2005742, ""cy"": 374141, ""width_px"": 211, ""height_px"": 39}}}"
TXT-009,BACKPACK ASSY,Backpack assy,TextBox 12,Mushroom Ø3.4,from R23C4 | extent 184x39px,"{""sheet"": ""Backpack assy"", ""shape_name"": ""TextBox 12"", ""anchor"": {""from"": {""col"": 3, ""colOff"": 22411, ""row"": 22, ""rowOff"": 168089}, ""extent"": {""cx"": 1749261, ""cy"": 374141, ""width_px"": 184, ""height_px"": 39}}}"
TXT-010,STD ELECTRODE PTMI,STD Electrode PTMI,TextBox 10,40mm,from R1C1 | to R21C6,"{""sheet"": ""STD Electrode PTMI"", ""shape_name"": ""TextBox 10"", ""anchor"": {""from"": {""col"": 0, ""colOff"": 0, ""row"": 0, ""rowOff"": 0}, ""to"": {""col"": 5, ""colOff"": 149198, ""row"": 20, ""rowOff"": 96171}}}"
TXT-011,STD ELECTRODE PTMI,STD Electrode PTMI,TextBox 19,Ø7mm,from R1C1 | to R21C6,"{""sheet"": ""STD Electrode PTMI"", ""shape_name"": ""TextBox 19"", ""anchor"": {""from"": {""col"": 0, ""colOff"": 0, ""row"": 0, ""rowOff"": 0}, ""to"": {""col"": 5, ""colOff"": 149198, ""row"": 20, ""rowOff"": 96171}}}"
TXT-012,STD ELECTRODE PTMI,STD Electrode PTMI,TextBox 21,Standard electrode PTMI,from R1C1 | to R21C6,"{""sheet"": ""STD Electrode PTMI"", ""shape_name"": ""TextBox 21"", ""anchor"": {""from"": {""col"": 0, ""colOff"": 0, ""row"": 0, ""rowOff"": 0}, ""to"": {""col"": 5, ""colOff"": 149198, ""row"": 20, ""rowOff"": 96171}}}"
TXT-013,STD ELECTRODE PTMI,STD Electrode PTMI,TextBox 22,Flat Surface Add 2 hole for M6,from R1C1 | to R21C6,"{""sheet"": ""STD Electrode PTMI"", ""shape_name"": ""TextBox 22"", ""anchor"": {""from"": {""col"": 0, ""colOff"": 0, ""row"": 0, ""rowOff"": 0}, ""to"": {""col"": 5, ""colOff"": 149198, ""row"": 20, ""rowOff"": 96171}}}"
TXT-014,HAIR CLIP,Hair clip,TextBox 27,HNF84-U513-01,from R10C1 | to R19C6,"{""sheet"": ""Hair clip"", ""shape_name"": ""TextBox 27"", ""anchor"": {""from"": {""col"": 0, ""colOff"": 393010, ""row"": 9, ""rowOff"": 116788}, ""to"": {""col"": 5, ""colOff"": 314958, ""row"": 18, ""rowOff"": 82830}}}"
TXT-015,HAIR CLIP,Hair clip,TextBox 27,Design refference,from R10C1 | to R19C6,"{""sheet"": ""Hair clip"", ""shape_name"": ""TextBox 27"", ""anchor"": {""from"": {""col"": 0, ""colOff"": 393010, ""row"": 9, ""rowOff"": 116788}, ""to"": {""col"": 5, ""colOff"": 314958, ""row"": 18, ""rowOff"": 82830}}}"
TXT-016,HAIR CLIP,Hair clip,TextBox 33,Notch,from R10C1 | to R19C6,"{""sheet"": ""Hair clip"", ""shape_name"": ""TextBox 33"", ""anchor"": {""from"": {""col"": 0, ""colOff"": 393010, ""row"": 9, ""rowOff"": 116788}, ""to"": {""col"": 5, ""colOff"": 314958, ""row"": 18, ""rowOff"": 82830}}}"
TXT-017,HAIR CLIP,Hair clip,TextBox 36,coring,from R10C1 | to R19C6,"{""sheet"": ""Hair clip"", ""shape_name"": ""TextBox 36"", ""anchor"": {""from"": {""col"": 0, ""colOff"": 393010, ""row"": 9, ""rowOff"": 116788}, ""to"": {""col"": 5, ""colOff"": 314958, ""row"": 18, ""rowOff"": 82830}}}"
TXT-018,HAIR CLIP,Hair clip,TextBox 40,coring,from R10C1 | to R19C6,"{""sheet"": ""Hair clip"", ""shape_name"": ""TextBox 40"", ""anchor"": {""from"": {""col"": 0, ""colOff"": 393010, ""row"": 9, ""rowOff"": 116788}, ""to"": {""col"": 5, ""colOff"": 314958, ""row"": 18, ""rowOff"": 82830}}}"
TXT-019,HAIR CLIP,Hair clip,TextBox 42,bump,from R10C1 | to R19C6,"{""sheet"": ""Hair clip"", ""shape_name"": ""TextBox 42"", ""anchor"": {""from"": {""col"": 0, ""colOff"": 393010, ""row"": 9, ""rowOff"": 116788}, ""to"": {""col"": 5, ""colOff"": 314958, ""row"": 18, ""rowOff"": 82830}}}"
TXT-020,HAIR CLIP,Hair clip,TextBox 45,Rib Hor/ver OK,from R10C1 | to R19C6,"{""sheet"": ""Hair clip"", ""shape_name"": ""TextBox 45"", ""anchor"": {""from"": {""col"": 0, ""colOff"": 393010, ""row"": 9, ""rowOff"": 116788}, ""to"": {""col"": 5, ""colOff"": 314958, ""row"": 18, ""rowOff"": 82830}}}"
TXT-021,HAIR CLIP,Hair clip,TextBox 27,HLW18-Q502-01,from R10C6 | to R29C11,"{""sheet"": ""Hair clip"", ""shape_name"": ""TextBox 27"", ""anchor"": {""from"": {""col"": 5, ""colOff"": 216594, ""row"": 9, ""rowOff"": 83657}, ""to"": {""col"": 10, ""colOff"": 414367, ""row"": 28, ""rowOff"": 1902}}}"
TXT-022,HAIR CLIP,Hair clip,TextBox 27,Good projection area no slider,from R10C6 | to R29C11,"{""sheet"": ""Hair clip"", ""shape_name"": ""TextBox 27"", ""anchor"": {""from"": {""col"": 5, ""colOff"": 216594, ""row"": 9, ""rowOff"": 83657}, ""to"": {""col"": 10, ""colOff"": 414367, ""row"": 28, ""rowOff"": 1902}}}"
TXT-023,HAIR CLIP,Hair clip,TextBox 27,HLX34-U512-01,from R10C6 | to R29C11,"{""sheet"": ""Hair clip"", ""shape_name"": ""TextBox 27"", ""anchor"": {""from"": {""col"": 5, ""colOff"": 216594, ""row"": 9, ""rowOff"": 83657}, ""to"": {""col"": 10, ""colOff"": 414367, ""row"": 28, ""rowOff"": 1902}}}"
TXT-024,HAIR CLIP,Hair clip,TextBox 27,Layout refference,from R10C6 | to R29C11,"{""sheet"": ""Hair clip"", ""shape_name"": ""TextBox 27"", ""anchor"": {""from"": {""col"": 5, ""colOff"": 216594, ""row"": 9, ""rowOff"": 83657}, ""to"": {""col"": 10, ""colOff"": 414367, ""row"": 28, ""rowOff"": 1902}}}"
TXT-025,HAIR CLIP,Hair clip,TextBox 27,Slider,from R10C6 | to R29C11,"{""sheet"": ""Hair clip"", ""shape_name"": ""TextBox 27"", ""anchor"": {""from"": {""col"": 5, ""colOff"": 216594, ""row"": 9, ""rowOff"": 83657}, ""to"": {""col"": 10, ""colOff"": 414367, ""row"": 28, ""rowOff"": 1902}}}"
TXT-026,SHOES,SHOES,TextBox 22,Shoe Type,from R1C13 | to R3C27,"{""sheet"": ""SHOES"", ""shape_name"": ""TextBox 22"", ""anchor"": {""from"": {""col"": 12, ""colOff"": 201682, ""row"": 0, ""rowOff"": 169379}, ""to"": {""col"": 26, ""colOff"": 552450, ""row"": 2, ""rowOff"": 38099}}}"
TXT-027,SHOES,SHOES,TextBox 1,Shoe,from R3C15 | to R4C16,"{""sheet"": ""SHOES"", ""shape_name"": ""TextBox 1"", ""anchor"": {""from"": {""col"": 14, ""colOff"": 115957, ""row"": 2, ""rowOff"": 140804}, ""to"": {""col"": 15, ""colOff"": 472108, ""row"": 3, ""rowOff"": 190499}}}"
TXT-028,SHOES,SHOES,TextBox 3,Boots,from R3C20 | to R4C21,"{""sheet"": ""SHOES"", ""shape_name"": ""TextBox 3"", ""anchor"": {""from"": {""col"": 19, ""colOff"": 95252, ""row"": 2, ""rowOff"": 140804}, ""to"": {""col"": 20, ""colOff"": 451403, ""row"": 3, ""rowOff"": 190499}}}"
TXT-029,SHOES,SHOES,TextBox 5,heels,from R3C25 | to R4C26,"{""sheet"": ""SHOES"", ""shape_name"": ""TextBox 5"", ""anchor"": {""from"": {""col"": 24, ""colOff"": 74547, ""row"": 2, ""rowOff"": 140804}, ""to"": {""col"": 25, ""colOff"": 430698, ""row"": 3, ""rowOff"": 190499}}}"
TXT-030,SHOES,SHOES,TextBox 7,CORE,from R4C13 | to R12C15,"{""sheet"": ""SHOES"", ""shape_name"": ""TextBox 7"", ""anchor"": {""from"": {""col"": 12, ""colOff"": 133351, ""row"": 3, ""rowOff"": 304800}, ""to"": {""col"": 14, ""colOff"": 521951, ""row"": 11, ""rowOff"": 0}}}"
TXT-031,SHOES,SHOES,TextBox 8,CAV,from R4C15 | to R12C18,"{""sheet"": ""SHOES"", ""shape_name"": ""TextBox 8"", ""anchor"": {""from"": {""col"": 14, ""colOff"": 585938, ""row"": 3, ""rowOff"": 276225}, ""to"": {""col"": 17, ""colOff"": 436688, ""row"": 11, ""rowOff"": 0}}}"
TXT-032,SHOES,SHOES,TextBox 7,Sample 0315-A575-02,from R4C19 | to R28C23,"{""sheet"": ""SHOES"", ""shape_name"": ""TextBox 7"", ""anchor"": {""from"": {""col"": 18, ""colOff"": 19751, ""row"": 3, ""rowOff"": 276225}, ""to"": {""col"": 22, ""colOff"": 80025, ""row"": 27, ""rowOff"": 17084}}}"
TXT-033,SHOES,SHOES,TextBox 20,Sample CLL55-S501-03,from R4C24 | to R16C27,"{""sheet"": ""SHOES"", ""shape_name"": ""TextBox 20"", ""anchor"": {""from"": {""col"": 23, ""colOff"": 285751, ""row"": 3, ""rowOff"": 304799}, ""to"": {""col"": 26, ""colOff"": 157623, ""row"": 15, ""rowOff"": 56256}}}"
TXT-034,SHOES,SHOES,TextBox 6,Sample CHG41-S501,from R11C13 | to R12C16,"{""sheet"": ""SHOES"", ""shape_name"": ""TextBox 6"", ""anchor"": {""from"": {""col"": 12, ""colOff"": 114301, ""row"": 10, ""rowOff"": 0}, ""to"": {""col"": 15, ""colOff"": 310414, ""row"": 11, ""rowOff"": 0}}}"
TXT-035,SHOES,SHOES,TextBox 6,Sample CHG41-S501,from R15C13 | to R15C16,"{""sheet"": ""SHOES"", ""shape_name"": ""TextBox 6"", ""anchor"": {""from"": {""col"": 12, ""colOff"": 114301, ""row"": 14, ""rowOff"": 0}, ""to"": {""col"": 15, ""colOff"": 310414, ""row"": 14, ""rowOff"": 120996}}}"
TXT-036,SHOES,SHOES,TextBox 35,Separate R/L shoe,from R26C1 | extent 162x33px,"{""sheet"": ""SHOES"", ""shape_name"": ""TextBox 35"", ""anchor"": {""from"": {""col"": 0, ""colOff"": 533400, ""row"": 25, ""rowOff"": 9525}, ""extent"": {""cx"": 1540165, ""cy"": 311496, ""width_px"": 162, ""height_px"": 33}}}"
TXT-037,SHOES,SHOES,TextBox 44,Control rib heght,from R26C5 | to R35C10,"{""sheet"": ""SHOES"", ""shape_name"": ""TextBox 44"", ""anchor"": {""from"": {""col"": 4, ""colOff"": 571500, ""row"": 25, ""rowOff"": 47625}, ""to"": {""col"": 9, ""colOff"": 119474, ""row"": 34, ""rowOff"": 119}}}"
TXT-038,SHOES,SHOES,TextBox 30,R,from R27C2 | to R35C5,"{""sheet"": ""SHOES"", ""shape_name"": ""TextBox 30"", ""anchor"": {""from"": {""col"": 1, ""colOff"": 9525, ""row"": 26, ""rowOff"": 104775}, ""to"": {""col"": 4, ""colOff"": 161925, ""row"": 34, ""rowOff"": 66675}}}"
TXT-039,SHOES,SHOES,TextBox 31,R,from R27C2 | to R35C5,"{""sheet"": ""SHOES"", ""shape_name"": ""TextBox 31"", ""anchor"": {""from"": {""col"": 1, ""colOff"": 9525, ""row"": 26, ""rowOff"": 104775}, ""to"": {""col"": 4, ""colOff"": 161925, ""row"": 34, ""rowOff"": 66675}}}"
TXT-040,SHOES,SHOES,TextBox 32,L,from R27C2 | to R35C5,"{""sheet"": ""SHOES"", ""shape_name"": ""TextBox 32"", ""anchor"": {""from"": {""col"": 1, ""colOff"": 9525, ""row"": 26, ""rowOff"": 104775}, ""to"": {""col"": 4, ""colOff"": 161925, ""row"": 34, ""rowOff"": 66675}}}"
TXT-041,SHOES,SHOES,TextBox 33,L,from R27C2 | to R35C5,"{""sheet"": ""SHOES"", ""shape_name"": ""TextBox 33"", ""anchor"": {""from"": {""col"": 1, ""colOff"": 9525, ""row"": 26, ""rowOff"": 104775}, ""to"": {""col"": 4, ""colOff"": 161925, ""row"": 34, ""rowOff"": 66675}}}"
TXT-042,SHOES,SHOES,TextBox 40,Minimize floating core slit height,from R37C1 | extent 277x33px,"{""sheet"": ""SHOES"", ""shape_name"": ""TextBox 40"", ""anchor"": {""from"": {""col"": 0, ""colOff"": 600635, ""row"": 36, ""rowOff"": 143996}, ""extent"": {""cx"": 2637069, ""cy"": 311496, ""width_px"": 277, ""height_px"": 33}}}"
TXT-043,PET(SEPARATE HEAD),PET(SEPARATE HEAD),TextBox 9,CLF97-S501,from R3C14 | to R12C18,"{""sheet"": ""PET(SEPARATE HEAD)"", ""shape_name"": ""TextBox 9"", ""anchor"": {""from"": {""col"": 13, ""colOff"": 33618, ""row"": 2, ""rowOff"": 151280}, ""to"": {""col"": 17, ""colOff"": 386603, ""row"": 11, ""rowOff"": 29844}}}"
TXT-044,PET(SEPARATE HEAD),PET(SEPARATE HEAD),TextBox 33,CLF97-S501,from R15C14 | to R27C18,"{""sheet"": ""PET(SEPARATE HEAD)"", ""shape_name"": ""TextBox 33"", ""anchor"": {""from"": {""col"": 13, ""colOff"": 33619, ""row"": 14, ""rowOff"": 39781}, ""to"": {""col"": 17, ""colOff"": 405654, ""row"": 26, ""rowOff"": 20731}}}"
TXT-045,PET(SEPARATE HEAD),PET(SEPARATE HEAD),TextBox 115,Ejector & puller ilustration,from R17C1 | extent 178x28px,"{""sheet"": ""PET(SEPARATE HEAD)"", ""shape_name"": ""TextBox 115"", ""anchor"": {""from"": {""col"": 0, ""colOff"": 95250, ""row"": 16, ""rowOff"": 28575}, ""extent"": {""cx"": 1698350, ""cy"": 264560, ""width_px"": 178, ""height_px"": 28}}}"
TXT-046,PET(SEPARATE HEAD),PET(SEPARATE HEAD),Rectangle 103,Part,from R18C1 | to R34C3,"{""sheet"": ""PET(SEPARATE HEAD)"", ""shape_name"": ""Rectangle 103"", ""anchor"": {""from"": {""col"": 0, ""colOff"": 142875, ""row"": 17, ""rowOff"": 95250}, ""to"": {""col"": 2, ""colOff"": 361950, ""row"": 33, ""rowOff"": 142875}}}"
TXT-047,PET(SEPARATE HEAD),PET(SEPARATE HEAD),Rectangle 106,Part,from R18C1 | to R34C3,"{""sheet"": ""PET(SEPARATE HEAD)"", ""shape_name"": ""Rectangle 106"", ""anchor"": {""from"": {""col"": 0, ""colOff"": 142875, ""row"": 17, ""rowOff"": 95250}, ""to"": {""col"": 2, ""colOff"": 361950, ""row"": 33, ""rowOff"": 142875}}}"
TXT-048,PET(SEPARATE HEAD),PET(SEPARATE HEAD),Rectangle 111,Part,from R18C1 | to R34C3,"{""sheet"": ""PET(SEPARATE HEAD)"", ""shape_name"": ""Rectangle 111"", ""anchor"": {""from"": {""col"": 0, ""colOff"": 142875, ""row"": 17, ""rowOff"": 95250}, ""to"": {""col"": 2, ""colOff"": 361950, ""row"": 33, ""rowOff"": 142875}}}"
TXT-049,PET(SEPARATE HEAD),PET(SEPARATE HEAD),Rectangle 112,Part,from R18C1 | to R34C3,"{""sheet"": ""PET(SEPARATE HEAD)"", ""shape_name"": ""Rectangle 112"", ""anchor"": {""from"": {""col"": 0, ""colOff"": 142875, ""row"": 17, ""rowOff"": 95250}, ""to"": {""col"": 2, ""colOff"": 361950, ""row"": 33, ""rowOff"": 142875}}}"
TXT-050,PET(SEPARATE HEAD),PET(SEPARATE HEAD),TextBox 123,Sprue,from R18C1 | to R34C3,"{""sheet"": ""PET(SEPARATE HEAD)"", ""shape_name"": ""TextBox 123"", ""anchor"": {""from"": {""col"": 0, ""colOff"": 142875, ""row"": 17, ""rowOff"": 95250}, ""to"": {""col"": 2, ""colOff"": 361950, ""row"": 33, ""rowOff"": 142875}}}"
TXT-051,PET(SEPARATE HEAD),PET(SEPARATE HEAD),TextBox 45,Z Puller,from R18C1 | to R34C3,"{""sheet"": ""PET(SEPARATE HEAD)"", ""shape_name"": ""TextBox 45"", ""anchor"": {""from"": {""col"": 0, ""colOff"": 142875, ""row"": 17, ""rowOff"": 95250}, ""to"": {""col"": 2, ""colOff"": 361950, ""row"": 33, ""rowOff"": 142875}}}"
TXT-052,PET(SEPARATE HEAD),PET(SEPARATE HEAD),TextBox 46,Ejector,from R18C1 | to R34C3,"{""sheet"": ""PET(SEPARATE HEAD)"", ""shape_name"": ""TextBox 46"", ""anchor"": {""from"": {""col"": 0, ""colOff"": 142875, ""row"": 17, ""rowOff"": 95250}, ""to"": {""col"": 2, ""colOff"": 361950, ""row"": 33, ""rowOff"": 142875}}}"
TXT-053,PET(SEPARATE HEAD),PET(SEPARATE HEAD),TextBox 47,Ejector,from R18C1 | to R34C3,"{""sheet"": ""PET(SEPARATE HEAD)"", ""shape_name"": ""TextBox 47"", ""anchor"": {""from"": {""col"": 0, ""colOff"": 142875, ""row"": 17, ""rowOff"": 95250}, ""to"": {""col"": 2, ""colOff"": 361950, ""row"": 33, ""rowOff"": 142875}}}"
TXT-054,PET(SEPARATE HEAD),PET(SEPARATE HEAD),TextBox 62,Sprue,from R18C1 | to R34C3,"{""sheet"": ""PET(SEPARATE HEAD)"", ""shape_name"": ""TextBox 62"", ""anchor"": {""from"": {""col"": 0, ""colOff"": 142875, ""row"": 17, ""rowOff"": 95250}, ""to"": {""col"": 2, ""colOff"": 361950, ""row"": 33, ""rowOff"": 142875}}}"
TXT-055,PET(SEPARATE HEAD),PET(SEPARATE HEAD),TextBox 78,Ejector,from R18C1 | to R34C3,"{""sheet"": ""PET(SEPARATE HEAD)"", ""shape_name"": ""TextBox 78"", ""anchor"": {""from"": {""col"": 0, ""colOff"": 142875, ""row"": 17, ""rowOff"": 95250}, ""to"": {""col"": 2, ""colOff"": 361950, ""row"": 33, ""rowOff"": 142875}}}"
TXT-056,PET(SEPARATE HEAD),PET(SEPARATE HEAD),TextBox 80,Ejector,from R18C1 | to R34C3,"{""sheet"": ""PET(SEPARATE HEAD)"", ""shape_name"": ""TextBox 80"", ""anchor"": {""from"": {""col"": 0, ""colOff"": 142875, ""row"": 17, ""rowOff"": 95250}, ""to"": {""col"": 2, ""colOff"": 361950, ""row"": 33, ""rowOff"": 142875}}}"
TXT-057,PET(SEPARATE HEAD),PET(SEPARATE HEAD),TextBox 82,Z Puller,from R18C1 | to R34C3,"{""sheet"": ""PET(SEPARATE HEAD)"", ""shape_name"": ""TextBox 82"", ""anchor"": {""from"": {""col"": 0, ""colOff"": 142875, ""row"": 17, ""rowOff"": 95250}, ""to"": {""col"": 2, ""colOff"": 361950, ""row"": 33, ""rowOff"": 142875}}}"
TXT-058,PET(SEPARATE HEAD),PET(SEPARATE HEAD),TextBox 27,1. space neck to head 3mm,from R26C4 | extent 184x28px,"{""sheet"": ""PET(SEPARATE HEAD)"", ""shape_name"": ""TextBox 27"", ""anchor"": {""from"": {""col"": 3, ""colOff"": 0, ""row"": 25, ""rowOff"": 163606}, ""extent"": {""cx"": 1750351, ""cy"": 264560, ""width_px"": 184, ""height_px"": 28}}}"
TXT-059,PET(SEPARATE HEAD),PET(SEPARATE HEAD),TextBox 28,2. Groove on neck,from R26C6 | extent 129x28px,"{""sheet"": ""PET(SEPARATE HEAD)"", ""shape_name"": ""TextBox 28"", ""anchor"": {""from"": {""col"": 5, ""colOff"": 740147, ""row"": 25, ""rowOff"": 141194}, ""extent"": {""cx"": 1224822, ""cy"": 264560, ""width_px"": 129, ""height_px"": 28}}}"
TXT-060,PET(SEPARATE HEAD),PET(SEPARATE HEAD),TextBox 95,3. cav numb not at assy area,from R26C9 | extent 191x28px,"{""sheet"": ""PET(SEPARATE HEAD)"", ""shape_name"": ""TextBox 95"", ""anchor"": {""from"": {""col"": 8, ""colOff"": 256054, ""row"": 25, ""rowOff"": 157443}, ""extent"": {""cx"": 1815818, ""cy"": 264560, ""width_px"": 191, ""height_px"": 28}}}"
TXT-061,PET(SEPARATE HEAD),PET(SEPARATE HEAD),TextBox 4,Gap 3mm,from R28C4 | to R34C6,"{""sheet"": ""PET(SEPARATE HEAD)"", ""shape_name"": ""TextBox 4"", ""anchor"": {""from"": {""col"": 3, ""colOff"": 1, ""row"": 27, ""rowOff"": 76200}, ""to"": {""col"": 5, ""colOff"": 999593, ""row"": 33, ""rowOff"": 161925}}}"
TXT-062,SHOULDER CONNECTOR,Shoulder connector,TextBox 110,bump,from R6C1 | to R22C7,"{""sheet"": ""Shoulder connector"", ""shape_name"": ""TextBox 110"", ""anchor"": {""from"": {""col"": 0, ""colOff"": 55111, ""row"": 5, ""rowOff"": 90343}, ""to"": {""col"": 6, ""colOff"": 443331, ""row"": 21, ""rowOff"": 18508}}}"
TXT-063,SHOULDER CONNECTOR,Shoulder connector,TextBox 17,Doom design : no need bump,from R6C1 | to R22C7,"{""sheet"": ""Shoulder connector"", ""shape_name"": ""TextBox 17"", ""anchor"": {""from"": {""col"": 0, ""colOff"": 55111, ""row"": 5, ""rowOff"": 90343}, ""to"": {""col"": 6, ""colOff"": 443331, ""row"": 21, ""rowOff"": 18508}}}"
TXT-064,SHOULDER CONNECTOR,Shoulder connector,TextBox 18,"Dougnut design : 1 bump, 1 side only",from R6C1 | to R22C7,"{""sheet"": ""Shoulder connector"", ""shape_name"": ""TextBox 18"", ""anchor"": {""from"": {""col"": 0, ""colOff"": 55111, ""row"": 5, ""rowOff"": 90343}, ""to"": {""col"": 6, ""colOff"": 443331, ""row"": 21, ""rowOff"": 18508}}}"
TXT-065,SHOULDER CONNECTOR,Shoulder connector,TextBox 19,DLT64,from R6C1 | to R22C7,"{""sheet"": ""Shoulder connector"", ""shape_name"": ""TextBox 19"", ""anchor"": {""from"": {""col"": 0, ""colOff"": 55111, ""row"": 5, ""rowOff"": 90343}, ""to"": {""col"": 6, ""colOff"": 443331, ""row"": 21, ""rowOff"": 18508}}}"
TXT-066,SHOULDER CONNECTOR,Shoulder connector,TextBox 21,HGC32,from R6C1 | to R22C7,"{""sheet"": ""Shoulder connector"", ""shape_name"": ""TextBox 21"", ""anchor"": {""from"": {""col"": 0, ""colOff"": 55111, ""row"": 5, ""rowOff"": 90343}, ""to"": {""col"": 6, ""colOff"": 443331, ""row"": 21, ""rowOff"": 18508}}}"
TXT-067,SHOULDER CONNECTOR,Shoulder connector,TextBox 37,DOUGNUT: N5946,from R6C1 | to R22C7,"{""sheet"": ""Shoulder connector"", ""shape_name"": ""TextBox 37"", ""anchor"": {""from"": {""col"": 0, ""colOff"": 55111, ""row"": 5, ""rowOff"": 90343}, ""to"": {""col"": 6, ""colOff"": 443331, ""row"": 21, ""rowOff"": 18508}}}"
TXT-068,SHOULDER CONNECTOR,Shoulder connector,TextBox 42,Design connector,from R6C1 | to R22C7,"{""sheet"": ""Shoulder connector"", ""shape_name"": ""TextBox 42"", ""anchor"": {""from"": {""col"": 0, ""colOff"": 55111, ""row"": 5, ""rowOff"": 90343}, ""to"": {""col"": 6, ""colOff"": 443331, ""row"": 21, ""rowOff"": 18508}}}"
TXT-069,SHOULDER CONNECTOR,Shoulder connector,TextBox 25,Runner type,from R6C7 | to R26C10,"{""sheet"": ""Shoulder connector"", ""shape_name"": ""TextBox 25"", ""anchor"": {""from"": {""col"": 6, ""colOff"": 567104, ""row"": 5, ""rowOff"": 132202}, ""to"": {""col"": 9, ""colOff"": 92701, ""row"": 25, ""rowOff"": 44782}}}"
TXT-070,SHOULDER CONNECTOR,Shoulder connector,TextBox 27,H SHAPE,from R6C7 | to R26C10,"{""sheet"": ""Shoulder connector"", ""shape_name"": ""TextBox 27"", ""anchor"": {""from"": {""col"": 6, ""colOff"": 567104, ""row"": 5, ""rowOff"": 132202}, ""to"": {""col"": 9, ""colOff"": 92701, ""row"": 25, ""rowOff"": 44782}}}"
TXT-071,SHOULDER CONNECTOR,Shoulder connector,TextBox 28,I SHAPE : HGC32,from R6C7 | to R26C10,"{""sheet"": ""Shoulder connector"", ""shape_name"": ""TextBox 28"", ""anchor"": {""from"": {""col"": 6, ""colOff"": 567104, ""row"": 5, ""rowOff"": 132202}, ""to"": {""col"": 9, ""colOff"": 92701, ""row"": 25, ""rowOff"": 44782}}}"
TXT-072,SHOULDER CONNECTOR,Shoulder connector,TextBox 32,I SHAPE : N5946,from R6C7 | to R26C10,"{""sheet"": ""Shoulder connector"", ""shape_name"": ""TextBox 32"", ""anchor"": {""from"": {""col"": 6, ""colOff"": 567104, ""row"": 5, ""rowOff"": 132202}, ""to"": {""col"": 9, ""colOff"": 92701, ""row"": 25, ""rowOff"": 44782}}}"
TXT-073,SHOULDER CONNECTOR,Shoulder connector,TextBox 52,Runner design,from R23C3 | to R25C5,"{""sheet"": ""Shoulder connector"", ""shape_name"": ""TextBox 52"", ""anchor"": {""from"": {""col"": 2, ""colOff"": 363304, ""row"": 22, ""rowOff"": 171567}, ""to"": {""col"": 4, ""colOff"": 80450, ""row"": 24, ""rowOff"": 3099}}}"
TXT-074,SHOULDER CONNECTOR,Shoulder connector,TextBox 69,I shape,from R26C1 | to R27C3,"{""sheet"": ""Shoulder connector"", ""shape_name"": ""TextBox 69"", ""anchor"": {""from"": {""col"": 0, ""colOff"": 375426, ""row"": 25, ""rowOff"": 53748}, ""to"": {""col"": 2, ""colOff"": 92572, ""row"": 26, ""rowOff"": 75780}}}"
TXT-075,SHOULDER CONNECTOR,Shoulder connector,TextBox 70,H shape,from R26C5 | to R27C6,"{""sheet"": ""Shoulder connector"", ""shape_name"": ""TextBox 70"", ""anchor"": {""from"": {""col"": 4, ""colOff"": 104529, ""row"": 25, ""rowOff"": 19466}, ""to"": {""col"": 5, ""colOff"": 434588, ""row"": 26, ""rowOff"": 41498}}}"
TXT-076,SHOULDER CONNECTOR,Shoulder connector,TextBox 112,Stopper,from R27C7 | to R42C10,"{""sheet"": ""Shoulder connector"", ""shape_name"": ""TextBox 112"", ""anchor"": {""from"": {""col"": 6, ""colOff"": 360724, ""row"": 26, ""rowOff"": 120340}, ""to"": {""col"": 9, ""colOff"": 134471, ""row"": 41, ""rowOff"": 128560}}}"
TXT-077,SHOULDER CONNECTOR,Shoulder connector,TextBox 114,HGC32,from R27C7 | to R42C10,"{""sheet"": ""Shoulder connector"", ""shape_name"": ""TextBox 114"", ""anchor"": {""from"": {""col"": 6, ""colOff"": 360724, ""row"": 26, ""rowOff"": 120340}, ""to"": {""col"": 9, ""colOff"": 134471, ""row"": 41, ""rowOff"": 128560}}}"
TXT-078,SHOULDER CONNECTOR,Shoulder connector,TextBox 118,stopper,from R27C7 | to R42C10,"{""sheet"": ""Shoulder connector"", ""shape_name"": ""TextBox 118"", ""anchor"": {""from"": {""col"": 6, ""colOff"": 360724, ""row"": 26, ""rowOff"": 120340}, ""to"": {""col"": 9, ""colOff"": 134471, ""row"": 41, ""rowOff"": 128560}}}"
TXT-079,SHOULDER CONNECTOR,Shoulder connector,TextBox 122,N5946,from R27C7 | to R42C10,"{""sheet"": ""Shoulder connector"", ""shape_name"": ""TextBox 122"", ""anchor"": {""from"": {""col"": 6, ""colOff"": 360724, ""row"": 26, ""rowOff"": 120340}, ""to"": {""col"": 9, ""colOff"": 134471, ""row"": 41, ""rowOff"": 128560}}}"
TXT-080,SHOULDER CONNECTOR,Shoulder connector,TextBox 125,stopper,from R27C7 | to R42C10,"{""sheet"": ""Shoulder connector"", ""shape_name"": ""TextBox 125"", ""anchor"": {""from"": {""col"": 6, ""colOff"": 360724, ""row"": 26, ""rowOff"": 120340}, ""to"": {""col"": 9, ""colOff"": 134471, ""row"": 41, ""rowOff"": 128560}}}"
TXT-081,SHOULDER CONNECTOR,Shoulder connector,TextBox 170,24124-Q518-08,from R42C1 | to R55C7,"{""sheet"": ""Shoulder connector"", ""shape_name"": ""TextBox 170"", ""anchor"": {""from"": {""col"": 0, ""colOff"": 82826, ""row"": 41, ""rowOff"": 82826}, ""to"": {""col"": 6, ""colOff"": 372718, ""row"": 54, ""rowOff"": 143061}}}"
TXT-082,ARM,Arm,TextBox 86,Rib on pocket connector,from R9C1 | to R23C6,"{""sheet"": ""Arm"", ""shape_name"": ""TextBox 86"", ""anchor"": {""from"": {""col"": 0, ""colOff"": 0, ""row"": 8, ""rowOff"": 146477}, ""to"": {""col"": 5, ""colOff"": 470647, ""row"": 22, ""rowOff"": 174479}}}"
TXT-083,ARM,Arm,TextBox 83,DVX72-Q601-16,from R9C7 | to R40C16,"{""sheet"": ""Arm"", ""shape_name"": ""TextBox 83"", ""anchor"": {""from"": {""col"": 6, ""colOff"": 68035, ""row"": 8, ""rowOff"": 140874}, ""to"": {""col"": 15, ""colOff"": 503165, ""row"": 39, ""rowOff"": 172071}}}"
TXT-084,VUM HOLDER,VUM Holder,TextBox 3,Holder dimension,from R7C1 | to R16C3,"{""sheet"": ""VUM Holder"", ""shape_name"": ""TextBox 3"", ""anchor"": {""from"": {""col"": 0, ""colOff"": 0, ""row"": 6, ""rowOff"": 85725}, ""to"": {""col"": 2, ""colOff"": 272561, ""row"": 15, ""rowOff"": 156146}}}"
TXT-085,VUM HOLDER,VUM Holder,TextBox 5,ensure close loop,from R7C3 | to R18C6,"{""sheet"": ""VUM Holder"", ""shape_name"": ""TextBox 5"", ""anchor"": {""from"": {""col"": 2, ""colOff"": 372990, ""row"": 6, ""rowOff"": 76201}, ""to"": {""col"": 5, ""colOff"": 160790, ""row"": 17, ""rowOff"": 178028}}}"
TXT-086,VUM HOLDER,VUM Holder,TextBox 13,WRONG,from R7C6 | to R19C9,"{""sheet"": ""VUM Holder"", ""shape_name"": ""TextBox 13"", ""anchor"": {""from"": {""col"": 5, ""colOff"": 266700, ""row"": 6, ""rowOff"": 19049}, ""to"": {""col"": 8, ""colOff"": 371740, ""row"": 18, ""rowOff"": 104775}}}"
TXT-087,VUM HOLDER,VUM Holder,TextBox 14,WRONG,from R7C6 | to R19C9,"{""sheet"": ""VUM Holder"", ""shape_name"": ""TextBox 14"", ""anchor"": {""from"": {""col"": 5, ""colOff"": 266700, ""row"": 6, ""rowOff"": 19049}, ""to"": {""col"": 8, ""colOff"": 371740, ""row"": 18, ""rowOff"": 104775}}}"
TXT-088,VUM HOLDER,VUM Holder,TextBox 8,ensure 1 times VUM process (No separated sub runner),from R7C6 | to R19C9,"{""sheet"": ""VUM Holder"", ""shape_name"": ""TextBox 8"", ""anchor"": {""from"": {""col"": 5, ""colOff"": 266700, ""row"": 6, ""rowOff"": 19049}, ""to"": {""col"": 8, ""colOff"": 371740, ""row"": 18, ""rowOff"": 104775}}}"
TXT-089,ROTOHEAD,ROTOHEAD,TextBox 4,1,from R1C1 | to R26C15,"{""sheet"": ""ROTOHEAD"", ""shape_name"": ""TextBox 4"", ""anchor"": {""from"": {""col"": 0, ""colOff"": 0, ""row"": 0, ""rowOff"": 0}, ""to"": {""col"": 14, ""colOff"": 532267, ""row"": 25, ""rowOff"": 75595}}}"
TXT-090,ROTOHEAD,ROTOHEAD,TextBox 5,2,from R1C16 | to R26C31,"{""sheet"": ""ROTOHEAD"", ""shape_name"": ""TextBox 5"", ""anchor"": {""from"": {""col"": 15, ""colOff"": 19050, ""row"": 0, ""rowOff"": 104775}, ""to"": {""col"": 30, ""colOff"": 133350, ""row"": 25, ""rowOff"": 57150}}}"
TXT-091,ROTOHEAD,ROTOHEAD,TextBox 7,3,from R27C1 | to R50C14,"{""sheet"": ""ROTOHEAD"", ""shape_name"": ""TextBox 7"", ""anchor"": {""from"": {""col"": 0, ""colOff"": 0, ""row"": 26, ""rowOff"": 104775}, ""to"": {""col"": 13, ""colOff"": 379962, ""row"": 49, ""rowOff"": 8989}}}"
TXT-092,MARKING & GENUINE,MARKING & GENUINE,TextBox 20,"#Standard Legal Marking Barbie Torso ©2022 MATTEL 1186 MJ, 1, NL MADE IN INDONESIA (height must be at least or >1.5mm)",from R1C1 | to R5C4,"{""sheet"": ""MARKING & GENUINE"", ""shape_name"": ""TextBox 20"", ""anchor"": {""from"": {""col"": 0, ""colOff"": 0, ""row"": 0, ""rowOff"": 0}, ""to"": {""col"": 3, ""colOff"": 595984, ""row"": 4, ""rowOff"": 175564}}}"
TXT-093,C CLIP BOTTLE,C clip bottle,TextBox 33,Please make standardization c clip for Barbie dimension Skipper Toddler chelsea,from R1C2 | to R8C8,"{""sheet"": ""C clip bottle"", ""shape_name"": ""TextBox 33"", ""anchor"": {""from"": {""col"": 1, ""colOff"": 108859, ""row"": 0, ""rowOff"": 0}, ""to"": {""col"": 7, ""colOff"": 201453, ""row"": 7, ""rowOff"": 143828}}}"
