image_id,accessory,source_sheet,original_media,extracted_file,thumbnail_file,width_px,height_px,picture_name,description_from_excel,anchor,related_text_context,caption_status,suggested_alt_text,metadata_json
IMG-001,EARRING,EARRING,xl/media/image3.png,images/original/image3.png,images/thumbnails/IMG-001.png,2706,1437,Picture 9,,from R6C15 | to R54C44,"1. Sharp point/thin steel, R 0.8mm, Ø 2mm hole. | 2. Full R at end fo easy assembly | 3. Post location/angel depends on design request | 4. Make sure mo sharp poimt/thin steel",Needs caption for text-only RAG,Visual reference for EARRING accessory standard. Add a precise engineering caption before production RAG.,"{""sheet"": ""EARRING"", ""media_path"": ""xl/media/image3.png"", ""anchor"": {""from"": {""col"": 14, ""colOff"": 519546, ""row"": 5, ""rowOff"": 69273}, ""to"": {""col"": 43, ""colOff"": 62729, ""row"": 53, ""rowOff"": 17318}}}"
IMG-002,EARRING,EARRING,xl/media/image1.png,images/original/image1.png,images/thumbnails/IMG-002.png,511,675,Picture 1,,from R14C4 | to R44C10,"1. Sharp point/thin steel, R 0.8mm, Ø 2mm hole. | 2. Full R at end fo easy assembly | 3. Post location/angel depends on design request | 4. Make sure mo sharp poimt/thin steel",Needs caption for text-only RAG,Visual reference for EARRING accessory standard. Add a precise engineering caption before production RAG.,"{""sheet"": ""EARRING"", ""media_path"": ""xl/media/image1.png"", ""anchor"": {""from"": {""col"": 3, ""colOff"": 11206, ""row"": 13, ""rowOff"": 22412}, ""to"": {""col"": 9, ""colOff"": 655561, ""row"": 43, ""rowOff"": 33618}}}"
IMG-003,EARRING,EARRING,xl/media/image2.png,images/original/image2.png,images/thumbnails/IMG-003.png,244,349,Picture 4,,from R37C11 | to R54C15,"1. Sharp point/thin steel, R 0.8mm, Ø 2mm hole. | 2. Full R at end fo easy assembly | 3. Post location/angel depends on design request | 4. Make sure mo sharp poimt/thin steel",Needs caption for text-only RAG,Visual reference for EARRING accessory standard. Add a precise engineering caption before production RAG.,"{""sheet"": ""EARRING"", ""media_path"": ""xl/media/image2.png"", ""anchor"": {""from"": {""col"": 10, ""colOff"": 149678, ""row"": 36, ""rowOff"": 95250}, ""to"": {""col"": 14, ""colOff"": 24817, ""row"": 53, ""rowOff"": 181439}}}"
IMG-004,HANDRING,HANDRING,xl/media/image4.png,images/original/image4.png,images/thumbnails/IMG-004.png,1082,1067,Picture 1,,from R1C12 | to R38C27,,Needs caption for text-only RAG,Visual reference for HANDRING accessory standard. Add a precise engineering caption before production RAG.,"{""sheet"": ""HANDRING"", ""media_path"": ""xl/media/image4.png"", ""anchor"": {""from"": {""col"": 11, ""colOff"": 295274, ""row"": 0, ""rowOff"": 0}, ""to"": {""col"": 26, ""colOff"": 95419, ""row"": 37, ""rowOff"": 161925}}}"
IMG-005,HANDRING,HANDRING,xl/media/image5.png,images/original/image5.png,images/thumbnails/IMG-005.png,509,529,Picture 2,,from R19C1 | to R46C4,,Needs caption for text-only RAG,Visual reference for HANDRING accessory standard. Add a precise engineering caption before production RAG.,"{""sheet"": ""HANDRING"", ""media_path"": ""xl/media/image5.png"", ""anchor"": {""from"": {""col"": 0, ""colOff"": 142875, ""row"": 18, ""rowOff"": 123825}, ""to"": {""col"": 3, ""colOff"": 1275744, ""row"": 45, ""rowOff"": 18420}}}"
IMG-006,HEADBAND,HEADBAND,xl/media/image6.png,images/original/image6.png,images/thumbnails/IMG-006.png,158,165,Picture 2,,from R3C14 | to R10C16,"1. Get SG head to double check. | 2. Use one gate design to avoid weldline | 3. PPCO is 1st option. | 4. Sharp point/thin steel, R 0.8mm, Ø 2mm hole.",Needs caption for text-only RAG,Visual reference for HEADBAND accessory standard. Add a precise engineering caption before production RAG.,"{""sheet"": ""HEADBAND"", ""media_path"": ""xl/media/image6.png"", ""anchor"": {""from"": {""col"": 13, ""colOff"": 42862, ""row"": 2, ""rowOff"": 138113}, ""to"": {""col"": 15, ""colOff"": 338347, ""row"": 9, ""rowOff"": 162144}}}"
IMG-007,HEADBAND,HEADBAND,xl/media/image7.png,images/original/image7.png,images/thumbnails/IMG-007.png,615,158,Picture 3,,from R4C17 | to R10C26,"1. Get SG head to double check. | 2. Use one gate design to avoid weldline | 3. PPCO is 1st option. | 4. Sharp point/thin steel, R 0.8mm, Ø 2mm hole.",Needs caption for text-only RAG,Visual reference for HEADBAND accessory standard. Add a precise engineering caption before production RAG.,"{""sheet"": ""HEADBAND"", ""media_path"": ""xl/media/image7.png"", ""anchor"": {""from"": {""col"": 16, ""colOff"": 109538, ""row"": 3, ""rowOff"": 33338}, ""to"": {""col"": 25, ""colOff"": 481830, ""row"": 9, ""rowOff"": 181185}}}"
IMG-008,HEADBAND,HEADBAND,xl/media/image11.JPG,images/original/image11.JPG,images/thumbnails/IMG-008.png,1440,1028,Picture 7,,from R11C14 | extent 782x578px,"1. Get SG head to double check. | 2. Use one gate design to avoid weldline | 3. PPCO is 1st option. | 4. Sharp point/thin steel, R 0.8mm, Ø 2mm hole.",Needs caption for text-only RAG,Visual reference for HEADBAND accessory standard. Add a precise engineering caption before production RAG.,"{""sheet"": ""HEADBAND"", ""media_path"": ""xl/media/image11.JPG"", ""anchor"": {""from"": {""col"": 13, ""colOff"": 536865, ""row"": 10, ""rowOff"": 86592}, ""extent"": {""cx"": 7447602, ""cy"": 5507182, ""width_px"": 782, ""height_px"": 578}}}"
IMG-009,HEADBAND,HEADBAND,xl/media/image9.png,images/original/image9.png,images/thumbnails/IMG-009.png,901,779,Picture 5,,from R14C1 | to R53C14,"1. Get SG head to double check. | 2. Use one gate design to avoid weldline | 3. PPCO is 1st option. | 4. Sharp point/thin steel, R 0.8mm, Ø 2mm hole.",Needs caption for text-only RAG,Visual reference for HEADBAND accessory standard. Add a precise engineering caption before production RAG.,"{""sheet"": ""HEADBAND"", ""media_path"": ""xl/media/image9.png"", ""anchor"": {""from"": {""col"": 0, ""colOff"": 0, ""row"": 13, ""rowOff"": 142875}, ""to"": {""col"": 13, ""colOff"": 570427, ""row"": 52, ""rowOff"": 132423}}}"
IMG-010,HEADBAND,HEADBAND,xl/media/image10.jpg,images/original/image10.jpg,images/thumbnails/IMG-010.png,549,506,Picture 6,,from R40C15 | to R58C21,"1. Get SG head to double check. | 2. Use one gate design to avoid weldline | 3. PPCO is 1st option. | 4. Sharp point/thin steel, R 0.8mm, Ø 2mm hole.",Needs caption for text-only RAG,Visual reference for HEADBAND accessory standard. Add a precise engineering caption before production RAG.,"{""sheet"": ""HEADBAND"", ""media_path"": ""xl/media/image10.jpg"", ""anchor"": {""from"": {""col"": 14, ""colOff"": 71438, ""row"": 39, ""rowOff"": 58449}, ""to"": {""col"": 20, ""colOff"": 59112, ""row"": 57, ""rowOff"": 3153}}}"
IMG-011,HEADBAND,HEADBAND,xl/media/image8.jpeg,images/original/image8.jpeg,images/thumbnails/IMG-011.png,457,381,Picture 2,cid:image002.jpg@01D3C4DE.00B1C330,from R40C21 | to R59C29,"1. Get SG head to double check. | 2. Use one gate design to avoid weldline | 3. PPCO is 1st option. | 4. Sharp point/thin steel, R 0.8mm, Ø 2mm hole.",Needs caption for text-only RAG,Visual reference for HEADBAND accessory standard. Add a precise engineering caption before production RAG.,"{""sheet"": ""HEADBAND"", ""media_path"": ""xl/media/image8.jpeg"", ""anchor"": {""from"": {""col"": 20, ""colOff"": 413470, ""row"": 39, ""rowOff"": 58449}, ""to"": {""col"": 28, ""colOff"": 14564, ""row"": 58, ""rowOff"": 67974}}}"
IMG-012,BELT,BELT,xl/media/image13.JPG,images/original/image13.JPG,images/thumbnails/IMG-012.png,854,1120,Picture 2,,from R3C12 | extent 376x511px,"1. Post direction, outward is the 1st choice. Inward direction is ok for loose belt per design request, but not allowed for tight belt. | 2. Need to fit SG | 3. Try to use 1 post, insead of 2 at every breakaway. | 4. Gate at hole side for PTMI, at post side for MCA",Needs caption for text-only RAG,Visual reference for BELT accessory standard. Add a precise engineering caption before production RAG.,"{""sheet"": ""BELT"", ""media_path"": ""xl/media/image13.JPG"", ""anchor"": {""from"": {""col"": 11, ""colOff"": 467591, ""row"": 2, ""rowOff"": 121228}, ""extent"": {""cx"": 3585413, ""cy"": 4866409, ""width_px"": 376, ""height_px"": 511}}}"
IMG-013,BELT,BELT,xl/media/image12.png,images/original/image12.png,images/thumbnails/IMG-013.png,1507,1081,Picture 1,,from R10C1 | extent 756x555px,"1. Post direction, outward is the 1st choice. Inward direction is ok for loose belt per design request, but not allowed for tight belt. | 2. Need to fit SG | 3. Try to use 1 post, insead of 2 at every breakaway. | 4. Gate at hole side for PTMI, at post side for MCA",Needs caption for text-only RAG,Visual reference for BELT accessory standard. Add a precise engineering caption before production RAG.,"{""sheet"": ""BELT"", ""media_path"": ""xl/media/image12.png"", ""anchor"": {""from"": {""col"": 0, ""colOff"": 108858, ""row"": 9, ""rowOff"": 65563}, ""extent"": {""cx"": 7204364, ""cy"": 5283786, ""width_px"": 756, ""height_px"": 555}}}"
IMG-014,BELT,BELT,xl/media/image15.png,images/original/image15.png,images/thumbnails/IMG-014.png,1158,808,Picture 4,,from R27C12 | extent 710x503px,"1. Post direction, outward is the 1st choice. Inward direction is ok for loose belt per design request, but not allowed for tight belt. | 2. Need to fit SG | 3. Try to use 1 post, insead of 2 at every breakaway. | 4. Gate at hole side for PTMI, at post side for MCA",Needs caption for text-only RAG,Visual reference for BELT accessory standard. Add a precise engineering caption before production RAG.,"{""sheet"": ""BELT"", ""media_path"": ""xl/media/image15.png"", ""anchor"": {""from"": {""col"": 11, ""colOff"": 353786, ""row"": 26, ""rowOff"": 122464}, ""extent"": {""cx"": 6760936, ""cy"": 4789715, ""width_px"": 710, ""height_px"": 503}}}"
IMG-015,BELT,BELT,xl/media/image14.jpg,images/original/image14.jpg,images/thumbnails/IMG-015.png,1112,1322,Picture 3,,from R39C1 | extent 492x582px,"1. Post direction, outward is the 1st choice. Inward direction is ok for loose belt per design request, but not allowed for tight belt. | 2. Need to fit SG | 3. Try to use 1 post, insead of 2 at every breakaway. | 4. Gate at hole side for PTMI, at post side for MCA",Needs caption for text-only RAG,Visual reference for BELT accessory standard. Add a precise engineering caption before production RAG.,"{""sheet"": ""BELT"", ""media_path"": ""xl/media/image14.jpg"", ""anchor"": {""from"": {""col"": 0, ""colOff"": 139784, ""row"": 38, ""rowOff"": 155862}, ""extent"": {""cx"": 4689584, ""cy"": 5541819, ""width_px"": 492, ""height_px"": 582}}}"
IMG-016,BRACELET,BRACELET,xl/media/image16.png,images/original/image16.png,images/thumbnails/IMG-016.png,615,387,Picture 2,,from R11C1 | to R30C10,,Needs caption for text-only RAG,Visual reference for BRACELET accessory standard. Add a precise engineering caption before production RAG.,"{""sheet"": ""BRACELET"", ""media_path"": ""xl/media/image16.png"", ""anchor"": {""from"": {""col"": 0, ""colOff"": 0, ""row"": 10, ""rowOff"": 0}, ""to"": {""col"": 9, ""colOff"": 412634, ""row"": 29, ""rowOff"": 67189}}}"
IMG-017,BRACELET,BRACELET,xl/media/image17.jpeg,images/original/image17.jpeg,images/thumbnails/IMG-017.png,1237,760,Picture 3,,from R12C10 | extent 539x332px,,Needs caption for text-only RAG,Visual reference for BRACELET accessory standard. Add a precise engineering caption before production RAG.,"{""sheet"": ""BRACELET"", ""media_path"": ""xl/media/image17.jpeg"", ""anchor"": {""from"": {""col"": 9, ""colOff"": 459441, ""row"": 11, ""rowOff"": 67235}, ""extent"": {""cx"": 5137115, ""cy"": 3160059, ""width_px"": 539, ""height_px"": 332}}}"
IMG-018,NECKLACE,NECKLACE,xl/media/image19.png,images/original/image19.png,images/thumbnails/IMG-018.png,731,460,Picture 3,,from R14C18 | to R37C29,1. Please ensure cloose loop design (prefer Y shape gate ) | 2. Please ensure enough space for trimming gate (plier) | 3. Please d-check opening standard below for each material | 4. Please d-check VUM proceed/not --> decide holder dimension,Needs caption for text-only RAG,Visual reference for NECKLACE accessory standard. Add a precise engineering caption before production RAG.,"{""sheet"": ""NECKLACE"", ""media_path"": ""xl/media/image19.png"", ""anchor"": {""from"": {""col"": 17, ""colOff"": 11205, ""row"": 13, ""rowOff"": 108857}, ""to"": {""col"": 28, ""colOff"": 269353, ""row"": 36, ""rowOff"": 109469}}}"
IMG-019,NECKLACE,NECKLACE,xl/media/image21.png,images/original/image21.png,images/thumbnails/IMG-019.png,442,481,Picture 2,,from R16C1 | to R30C5,1. Please ensure cloose loop design (prefer Y shape gate ) | 2. Please ensure enough space for trimming gate (plier) | 3. Please d-check opening standard below for each material | 4. Please d-check VUM proceed/not --> decide holder dimension,Needs caption for text-only RAG,Visual reference for NECKLACE accessory standard. Add a precise engineering caption before production RAG.,"{""sheet"": ""NECKLACE"", ""media_path"": ""xl/media/image21.png"", ""anchor"": {""from"": {""col"": 0, ""colOff"": 530678, ""row"": 15, ""rowOff"": 73479}, ""to"": {""col"": 4, ""colOff"": 568767, ""row"": 29, ""rowOff"": 101481}}}"
IMG-020,NECKLACE,NECKLACE,xl/media/image22.png,images/original/image22.png,images/thumbnails/IMG-020.png,548,647,Picture 6,,from R16C5 | to R30C9,1. Please ensure cloose loop design (prefer Y shape gate ) | 2. Please ensure enough space for trimming gate (plier) | 3. Please d-check opening standard below for each material | 4. Please d-check VUM proceed/not --> decide holder dimension,Needs caption for text-only RAG,Visual reference for NECKLACE accessory standard. Add a precise engineering caption before production RAG.,"{""sheet"": ""NECKLACE"", ""media_path"": ""xl/media/image22.png"", ""anchor"": {""from"": {""col"": 4, ""colOff"": 587828, ""row"": 15, ""rowOff"": 44904}, ""to"": {""col"": 8, ""colOff"": 472445, ""row"": 29, ""rowOff"": 127267}}}"
IMG-021,NECKLACE,NECKLACE,xl/media/image23.png,images/original/image23.png,images/thumbnails/IMG-021.png,288,476,Picture 7,,from R16C10 | to R30C12,1. Please ensure cloose loop design (prefer Y shape gate ) | 2. Please ensure enough space for trimming gate (plier) | 3. Please d-check opening standard below for each material | 4. Please d-check VUM proceed/not --> decide holder dimension,Needs caption for text-only RAG,Visual reference for NECKLACE accessory standard. Add a precise engineering caption before production RAG.,"{""sheet"": ""NECKLACE"", ""media_path"": ""xl/media/image23.png"", ""anchor"": {""from"": {""col"": 9, ""colOff"": 143275, ""row"": 15, ""rowOff"": 101723}, ""to"": {""col"": 11, ""colOff"": 351443, ""row"": 29, ""rowOff"": 116622}}}"
IMG-022,NECKLACE,NECKLACE,xl/media/image24.png,images/original/image24.png,images/thumbnails/IMG-022.png,640,713,Picture 8,,from R16C12 | to R30C16,1. Please ensure cloose loop design (prefer Y shape gate ) | 2. Please ensure enough space for trimming gate (plier) | 3. Please d-check opening standard below for each material | 4. Please d-check VUM proceed/not --> decide holder dimension,Needs caption for text-only RAG,Visual reference for NECKLACE accessory standard. Add a precise engineering caption before production RAG.,"{""sheet"": ""NECKLACE"", ""media_path"": ""xl/media/image24.png"", ""anchor"": {""from"": {""col"": 11, ""colOff"": 444235, ""row"": 15, ""rowOff"": 164087}, ""to"": {""col"": 15, ""colOff"": 404100, ""row"": 29, ""rowOff"": 149680}}}"
IMG-023,NECKLACE,NECKLACE,xl/media/image25.png,images/original/image25.png,images/thumbnails/IMG-023.png,387,601,Picture 10,,from R32C1 | to R56C6,1. Please ensure cloose loop design (prefer Y shape gate ) | 2. Please ensure enough space for trimming gate (plier) | 3. Please d-check opening standard below for each material | 4. Please d-check VUM proceed/not --> decide holder dimension,Needs caption for text-only RAG,Visual reference for NECKLACE accessory standard. Add a precise engineering caption before production RAG.,"{""sheet"": ""NECKLACE"", ""media_path"": ""xl/media/image25.png"", ""anchor"": {""from"": {""col"": 0, ""colOff"": 530678, ""row"": 31, ""rowOff"": 108857}, ""to"": {""col"": 5, ""colOff"": 357443, ""row"": 55, ""rowOff"": 22416}}}"
IMG-024,NECKLACE,NECKLACE,xl/media/image26.png,images/original/image26.png,images/thumbnails/IMG-024.png,446,684,Picture 14,,from R35C10 | to R50C12,1. Please ensure cloose loop design (prefer Y shape gate ) | 2. Please ensure enough space for trimming gate (plier) | 3. Please d-check opening standard below for each material | 4. Please d-check VUM proceed/not --> decide holder dimension,Needs caption for text-only RAG,Visual reference for NECKLACE accessory standard. Add a precise engineering caption before production RAG.,"{""sheet"": ""NECKLACE"", ""media_path"": ""xl/media/image26.png"", ""anchor"": {""from"": {""col"": 9, ""colOff"": 91587, ""row"": 34, ""rowOff"": 186837}, ""to"": {""col"": 11, ""colOff"": 534229, ""row"": 49, ""rowOff"": 166502}}}"
IMG-025,NECKLACE,NECKLACE,xl/media/image18.png,images/original/image18.png,images/thumbnails/IMG-025.png,698,264,Picture 1,,from R35C18 | to R46C27,1. Please ensure cloose loop design (prefer Y shape gate ) | 2. Please ensure enough space for trimming gate (plier) | 3. Please d-check opening standard below for each material | 4. Please d-check VUM proceed/not --> decide holder dimension,Needs caption for text-only RAG,Visual reference for NECKLACE accessory standard. Add a precise engineering caption before production RAG.,"{""sheet"": ""NECKLACE"", ""media_path"": ""xl/media/image18.png"", ""anchor"": {""from"": {""col"": 17, ""colOff"": 303119, ""row"": 34, ""rowOff"": 81644}, ""to"": {""col"": 26, ""colOff"": 446555, ""row"": 45, ""rowOff"": 113720}}}"
IMG-026,NECKLACE,NECKLACE,xl/media/image20.png,images/original/image20.png,images/thumbnails/IMG-026.png,742,213,Picture 4,,from R47C18 | to R57C28,1. Please ensure cloose loop design (prefer Y shape gate ) | 2. Please ensure enough space for trimming gate (plier) | 3. Please d-check opening standard below for each material | 4. Please d-check VUM proceed/not --> decide holder dimension,Needs caption for text-only RAG,Visual reference for NECKLACE accessory standard. Add a precise engineering caption before production RAG.,"{""sheet"": ""NECKLACE"", ""media_path"": ""xl/media/image20.png"", ""anchor"": {""from"": {""col"": 17, ""colOff"": 325530, ""row"": 46, ""rowOff"": 162807}, ""to"": {""col"": 27, ""colOff"": 400050, ""row"": 56, ""rowOff"": 29745}}}"
IMG-027,BACKPACK ASSY,Backpack assy,xl/media/image27.png,images/original/image27.png,images/thumbnails/IMG-027.png,1033,579,Picture 7,,from R14C1 | to R22C5,1. Strap connection type mushroom | 2. Ensure there's locking slot on hole | 3. Add ribb allong backpack bottom | Locking on hole Ø3.2,Needs caption for text-only RAG,Visual reference for Backpack assy accessory standard. Add a precise engineering caption before production RAG.,"{""sheet"": ""Backpack assy"", ""media_path"": ""xl/media/image27.png"", ""anchor"": {""from"": {""col"": 0, ""colOff"": 0, ""row"": 13, ""rowOff"": 66675}, ""to"": {""col"": 4, ""colOff"": 194387, ""row"": 21, ""rowOff"": 18361}}}"
IMG-028,BACKPACK ASSY,Backpack assy,xl/media/image28.png,images/original/image28.png,images/thumbnails/IMG-028.png,817,734,Picture 10,,from R24C4 | to R33C7,1. Strap connection type mushroom | 2. Ensure there's locking slot on hole | 3. Add ribb allong backpack bottom | Locking on hole Ø3.2,Needs caption for text-only RAG,Visual reference for Backpack assy accessory standard. Add a precise engineering caption before production RAG.,"{""sheet"": ""Backpack assy"", ""media_path"": ""xl/media/image28.png"", ""anchor"": {""from"": {""col"": 3, ""colOff"": 5794, ""row"": 23, ""rowOff"": 0}, ""to"": {""col"": 6, ""colOff"": 206327, ""row"": 32, ""rowOff"": 114300}}}"
IMG-029,BACKPACK ASSY,Backpack assy,xl/media/image29.png,images/original/image29.png,images/thumbnails/IMG-029.png,456,473,Picture 13,,from R24C9 | to R48C17,1. Strap connection type mushroom | 2. Ensure there's locking slot on hole | 3. Add ribb allong backpack bottom | Locking on hole Ø3.2,Needs caption for text-only RAG,Visual reference for Backpack assy accessory standard. Add a precise engineering caption before production RAG.,"{""sheet"": ""Backpack assy"", ""media_path"": ""xl/media/image29.png"", ""anchor"": {""from"": {""col"": 8, ""colOff"": 552450, ""row"": 23, ""rowOff"": 123825}, ""to"": {""col"": 16, ""colOff"": 18507, ""row"": 47, ""rowOff"": 56587}}}"
IMG-030,BACKPACK ASSY,Backpack assy,xl/media/image30.png,images/original/image30.png,images/thumbnails/IMG-030.png,545,472,Picture 14,,from R24C17 | to R47C25,1. Strap connection type mushroom | 2. Ensure there's locking slot on hole | 3. Add ribb allong backpack bottom | Locking on hole Ø3.2,Needs caption for text-only RAG,Visual reference for Backpack assy accessory standard. Add a precise engineering caption before production RAG.,"{""sheet"": ""Backpack assy"", ""media_path"": ""xl/media/image30.png"", ""anchor"": {""from"": {""col"": 16, ""colOff"": 0, ""row"": 23, ""rowOff"": 0}, ""to"": {""col"": 24, ""colOff"": 313676, ""row"": 46, ""rowOff"": 113738}}}"
IMG-031,BACKPACK ASSY,Backpack assy,xl/media/image31.png,images/original/image31.png,images/thumbnails/IMG-031.png,992,677,Picture 15,,from R32C2 | to R41C6,1. Strap connection type mushroom | 2. Ensure there's locking slot on hole | 3. Add ribb allong backpack bottom | Locking on hole Ø3.2,Needs caption for text-only RAG,Visual reference for Backpack assy accessory standard. Add a precise engineering caption before production RAG.,"{""sheet"": ""Backpack assy"", ""media_path"": ""xl/media/image31.png"", ""anchor"": {""from"": {""col"": 1, ""colOff"": 0, ""row"": 31, ""rowOff"": 0}, ""to"": {""col"": 5, ""colOff"": 241319, ""row"": 40, ""rowOff"": 114300}}}"
IMG-032,STD ELECTRODE PTMI,STD Electrode PTMI,xl/media/image32.png,images/original/image32.png,images/thumbnails/IMG-032.png,330,285,Picture 2,,from R1C1 | to R21C6,40mm | Ø7mm | Standard electrode PTMI | Flat Surface Add 2 hole for M6,Needs caption for text-only RAG,Visual reference for STD Electrode PTMI accessory standard. Add a precise engineering caption before production RAG.,"{""sheet"": ""STD Electrode PTMI"", ""media_path"": ""xl/media/image32.png"", ""anchor"": {""from"": {""col"": 0, ""colOff"": 0, ""row"": 0, ""rowOff"": 0}, ""to"": {""col"": 5, ""colOff"": 149198, ""row"": 20, ""rowOff"": 96171}}}"
IMG-033,GLASSES,GLASSES,xl/media/image34.png,images/original/image34.png,images/thumbnails/IMG-033.png,1016,599,Picture 3,,from R11C13 | to R29C22,"1. P/L location, not go through middle of glass. | 2. Enough Connection at Middle | 3. Slide sticking, enough draft 3~10 degree. | 4. Hang on slide, enough strike",Needs caption for text-only RAG,Visual reference for GLASSES accessory standard. Add a precise engineering caption before production RAG.,"{""sheet"": ""GLASSES"", ""media_path"": ""xl/media/image34.png"", ""anchor"": {""from"": {""col"": 12, ""colOff"": 169382, ""row"": 10, ""rowOff"": 185889}, ""to"": {""col"": 21, ""colOff"": 388870, ""row"": 28, ""rowOff"": 120894}}}"
IMG-034,GLASSES,GLASSES,xl/media/image33.png,images/original/image33.png,images/thumbnails/IMG-034.png,693,267,Picture 2,,from R15C1 | to R27C11,"1. P/L location, not go through middle of glass. | 2. Enough Connection at Middle | 3. Slide sticking, enough draft 3~10 degree. | 4. Hang on slide, enough strike",Needs caption for text-only RAG,Visual reference for GLASSES accessory standard. Add a precise engineering caption before production RAG.,"{""sheet"": ""GLASSES"", ""media_path"": ""xl/media/image33.png"", ""anchor"": {""from"": {""col"": 0, ""colOff"": 520513, ""row"": 14, ""rowOff"": 104544}, ""to"": {""col"": 10, ""colOff"": 394742, ""row"": 26, ""rowOff"": 170571}}}"
IMG-035,HAIR CLIP,Hair clip,xl/media/image37.png,images/original/image37.png,images/thumbnails/IMG-035.png,916,409,Picture 4,,from R10C1 | to R19C6,1. Add notch on part | 2. half plastic on hinge | 3. coring on hinge | 4. Bump on pin,Needs caption for text-only RAG,Visual reference for Hair clip accessory standard. Add a precise engineering caption before production RAG.,"{""sheet"": ""Hair clip"", ""media_path"": ""xl/media/image37.png"", ""anchor"": {""from"": {""col"": 0, ""colOff"": 393010, ""row"": 9, ""rowOff"": 116788}, ""to"": {""col"": 5, ""colOff"": 314958, ""row"": 18, ""rowOff"": 82830}}}"
IMG-036,HAIR CLIP,Hair clip,xl/media/image35.png,images/original/image35.png,images/thumbnails/IMG-036.png,556,855,Picture 15,,from R10C6 | to R29C11,1. Add notch on part | 2. half plastic on hinge | 3. coring on hinge | 4. Bump on pin,Needs caption for text-only RAG,Visual reference for Hair clip accessory standard. Add a precise engineering caption before production RAG.,"{""sheet"": ""Hair clip"", ""media_path"": ""xl/media/image35.png"", ""anchor"": {""from"": {""col"": 5, ""colOff"": 216594, ""row"": 9, ""rowOff"": 83657}, ""to"": {""col"": 10, ""colOff"": 414367, ""row"": 28, ""rowOff"": 1902}}}"
IMG-037,HAIR CLIP,Hair clip,xl/media/image36.png,images/original/image36.png,images/thumbnails/IMG-037.png,497,791,Picture 20,,from R10C6 | to R29C11,1. Add notch on part | 2. half plastic on hinge | 3. coring on hinge | 4. Bump on pin,Needs caption for text-only RAG,Visual reference for Hair clip accessory standard. Add a precise engineering caption before production RAG.,"{""sheet"": ""Hair clip"", ""media_path"": ""xl/media/image36.png"", ""anchor"": {""from"": {""col"": 5, ""colOff"": 216594, ""row"": 9, ""rowOff"": 83657}, ""to"": {""col"": 10, ""colOff"": 414367, ""row"": 28, ""rowOff"": 1902}}}"
IMG-038,SHOES,SHOES,xl/media/image50.png,images/original/image50.png,images/thumbnails/IMG-038.png,1197,805,Picture 37,,from R2C28 | to R27C45,1. Need jumping P/L at bottom if there's logo. | 2. Please add offset 0.3mm (clearance to leg) per side | 3. Arrange layout R-R and L-L and add flag on runner to make trimming process easier | 4. Tampo issue- Ensure gate position not at side area bookmask (will affect paint issue),Needs caption for text-only RAG,Visual reference for SHOES accessory standard. Add a precise engineering caption before production RAG.,"{""sheet"": ""SHOES"", ""media_path"": ""xl/media/image50.png"", ""anchor"": {""from"": {""col"": 27, ""colOff"": 536864, ""row"": 1, ""rowOff"": 225136}, ""to"": {""col"": 44, ""colOff"": 331133, ""row"": 26, ""rowOff"": 53461}}}"
IMG-039,SHOES,SHOES,xl/media/image42.png,images/original/image42.png,images/thumbnails/IMG-039.png,308,557,Picture 16,,from R4C13 | to R12C15,1. Need jumping P/L at bottom if there's logo. | 2. Please add offset 0.3mm (clearance to leg) per side | 3. Arrange layout R-R and L-L and add flag on runner to make trimming process easier | 4. Tampo issue- Ensure gate position not at side area bookmask (will affect paint issue),Needs caption for text-only RAG,Visual reference for SHOES accessory standard. Add a precise engineering caption before production RAG.,"{""sheet"": ""SHOES"", ""media_path"": ""xl/media/image42.png"", ""anchor"": {""from"": {""col"": 12, ""colOff"": 133351, ""row"": 3, ""rowOff"": 304800}, ""to"": {""col"": 14, ""colOff"": 521951, ""row"": 11, ""rowOff"": 0}}}"
IMG-040,SHOES,SHOES,xl/media/image43.png,images/original/image43.png,images/thumbnails/IMG-040.png,308,536,Picture 14,,from R4C15 | to R12C18,1. Need jumping P/L at bottom if there's logo. | 2. Please add offset 0.3mm (clearance to leg) per side | 3. Arrange layout R-R and L-L and add flag on runner to make trimming process easier | 4. Tampo issue- Ensure gate position not at side area bookmask (will affect paint issue),Needs caption for text-only RAG,Visual reference for SHOES accessory standard. Add a precise engineering caption before production RAG.,"{""sheet"": ""SHOES"", ""media_path"": ""xl/media/image43.png"", ""anchor"": {""from"": {""col"": 14, ""colOff"": 585938, ""row"": 3, ""rowOff"": 276225}, ""to"": {""col"": 17, ""colOff"": 436688, ""row"": 11, ""rowOff"": 0}}}"
IMG-041,SHOES,SHOES,xl/media/image39.jpeg,images/original/image39.jpeg,images/thumbnails/IMG-041.png,873,556,Picture 6,,from R4C19 | to R28C23,1. Need jumping P/L at bottom if there's logo. | 2. Please add offset 0.3mm (clearance to leg) per side | 3. Arrange layout R-R and L-L and add flag on runner to make trimming process easier | 4. Tampo issue- Ensure gate position not at side area bookmask (will affect paint issue),Needs caption for text-only RAG,Visual reference for SHOES accessory standard. Add a precise engineering caption before production RAG.,"{""sheet"": ""SHOES"", ""media_path"": ""xl/media/image39.jpeg"", ""anchor"": {""from"": {""col"": 18, ""colOff"": 19751, ""row"": 3, ""rowOff"": 276225}, ""to"": {""col"": 22, ""colOff"": 80025, ""row"": 27, ""rowOff"": 17084}}}"
IMG-042,SHOES,SHOES,xl/media/image40.png,images/original/image40.png,images/thumbnails/IMG-042.png,654,711,Picture 2,,from R4C19 | to R28C23,1. Need jumping P/L at bottom if there's logo. | 2. Please add offset 0.3mm (clearance to leg) per side | 3. Arrange layout R-R and L-L and add flag on runner to make trimming process easier | 4. Tampo issue- Ensure gate position not at side area bookmask (will affect paint issue),Needs caption for text-only RAG,Visual reference for SHOES accessory standard. Add a precise engineering caption before production RAG.,"{""sheet"": ""SHOES"", ""media_path"": ""xl/media/image40.png"", ""anchor"": {""from"": {""col"": 18, ""colOff"": 19751, ""row"": 3, ""rowOff"": 276225}, ""to"": {""col"": 22, ""colOff"": 80025, ""row"": 27, ""rowOff"": 17084}}}"
IMG-043,SHOES,SHOES,xl/media/image44.png,images/original/image44.png,images/thumbnails/IMG-043.png,358,750,Picture 19,,from R4C24 | to R16C27,1. Need jumping P/L at bottom if there's logo. | 2. Please add offset 0.3mm (clearance to leg) per side | 3. Arrange layout R-R and L-L and add flag on runner to make trimming process easier | 4. Tampo issue- Ensure gate position not at side area bookmask (will affect paint issue),Needs caption for text-only RAG,Visual reference for SHOES accessory standard. Add a precise engineering caption before production RAG.,"{""sheet"": ""SHOES"", ""media_path"": ""xl/media/image44.png"", ""anchor"": {""from"": {""col"": 23, ""colOff"": 285751, ""row"": 3, ""rowOff"": 304799}, ""to"": {""col"": 26, ""colOff"": 157623, ""row"": 15, ""rowOff"": 56256}}}"
IMG-044,SHOES,SHOES,xl/media/image52.png,images/original/image52.png,images/thumbnails/IMG-044.png,547,427,Picture 39,,from R12C13 | to R21C18,1. Need jumping P/L at bottom if there's logo. | 2. Please add offset 0.3mm (clearance to leg) per side | 3. Arrange layout R-R and L-L and add flag on runner to make trimming process easier | 4. Tampo issue- Ensure gate position not at side area bookmask (will affect paint issue),Needs caption for text-only RAG,Visual reference for SHOES accessory standard. Add a precise engineering caption before production RAG.,"{""sheet"": ""SHOES"", ""media_path"": ""xl/media/image52.png"", ""anchor"": {""from"": {""col"": 12, ""colOff"": 100853, ""row"": 11, ""rowOff"": 392206}, ""to"": {""col"": 17, ""colOff"": 410066, ""row"": 20, ""rowOff"": 79458}}}"
IMG-045,SHOES,SHOES,xl/media/image38.png,images/original/image38.png,images/thumbnails/IMG-045.png,442,255,Picture 4,,from R15C2 | to R22C5,1. Need jumping P/L at bottom if there's logo. | 2. Please add offset 0.3mm (clearance to leg) per side | 3. Arrange layout R-R and L-L and add flag on runner to make trimming process easier | 4. Tampo issue- Ensure gate position not at side area bookmask (will affect paint issue),Needs caption for text-only RAG,Visual reference for SHOES accessory standard. Add a precise engineering caption before production RAG.,"{""sheet"": ""SHOES"", ""media_path"": ""xl/media/image38.png"", ""anchor"": {""from"": {""col"": 1, ""colOff"": 66747, ""row"": 14, ""rowOff"": 133349}, ""to"": {""col"": 4, ""colOff"": 466774, ""row"": 21, ""rowOff"": 76200}}}"
IMG-046,SHOES,SHOES,xl/media/image46.png,images/original/image46.png,images/thumbnails/IMG-046.png,334,355,Picture 25,,from R15C6 | to R24C8,1. Need jumping P/L at bottom if there's logo. | 2. Please add offset 0.3mm (clearance to leg) per side | 3. Arrange layout R-R and L-L and add flag on runner to make trimming process easier | 4. Tampo issue- Ensure gate position not at side area bookmask (will affect paint issue),Needs caption for text-only RAG,Visual reference for SHOES accessory standard. Add a precise engineering caption before production RAG.,"{""sheet"": ""SHOES"", ""media_path"": ""xl/media/image46.png"", ""anchor"": {""from"": {""col"": 5, ""colOff"": 9525, ""row"": 14, ""rowOff"": 133350}, ""to"": {""col"": 7, ""colOff"": 432257, ""row"": 23, ""rowOff"": 164018}}}"
IMG-047,SHOES,SHOES,xl/media/image47.png,images/original/image47.png,images/thumbnails/IMG-047.png,423,641,Picture 26,,from R15C8 | to R23C10,1. Need jumping P/L at bottom if there's logo. | 2. Please add offset 0.3mm (clearance to leg) per side | 3. Arrange layout R-R and L-L and add flag on runner to make trimming process easier | 4. Tampo issue- Ensure gate position not at side area bookmask (will affect paint issue),Needs caption for text-only RAG,Visual reference for SHOES accessory standard. Add a precise engineering caption before production RAG.,"{""sheet"": ""SHOES"", ""media_path"": ""xl/media/image47.png"", ""anchor"": {""from"": {""col"": 7, ""colOff"": 409576, ""row"": 14, ""rowOff"": 161926}, ""to"": {""col"": 9, ""colOff"": 177216, ""row"": 22, ""rowOff"": 133350}}}"
IMG-048,SHOES,SHOES,xl/media/image48.png,images/original/image48.png,images/thumbnails/IMG-048.png,593,708,Picture 27,,from R15C10 | to R23C11,1. Need jumping P/L at bottom if there's logo. | 2. Please add offset 0.3mm (clearance to leg) per side | 3. Arrange layout R-R and L-L and add flag on runner to make trimming process easier | 4. Tampo issue- Ensure gate position not at side area bookmask (will affect paint issue),Needs caption for text-only RAG,Visual reference for SHOES accessory standard. Add a precise engineering caption before production RAG.,"{""sheet"": ""SHOES"", ""media_path"": ""xl/media/image48.png"", ""anchor"": {""from"": {""col"": 9, ""colOff"": 266701, ""row"": 14, ""rowOff"": 171450}, ""to"": {""col"": 10, ""colOff"": 710091, ""row"": 22, ""rowOff"": 85726}}}"
IMG-049,SHOES,SHOES,xl/media/image45.jpeg,images/original/image45.jpeg,images/thumbnails/IMG-049.png,474,358,Picture 21,,from R16C24 | to R24C27,1. Need jumping P/L at bottom if there's logo. | 2. Please add offset 0.3mm (clearance to leg) per side | 3. Arrange layout R-R and L-L and add flag on runner to make trimming process easier | 4. Tampo issue- Ensure gate position not at side area bookmask (will affect paint issue),Needs caption for text-only RAG,Visual reference for SHOES accessory standard. Add a precise engineering caption before production RAG.,"{""sheet"": ""SHOES"", ""media_path"": ""xl/media/image45.jpeg"", ""anchor"": {""from"": {""col"": 23, ""colOff"": 200025, ""row"": 15, ""rowOff"": 133350}, ""to"": {""col"": 26, ""colOff"": 352425, ""row"": 23, ""rowOff"": 95250}}}"
IMG-050,SHOES,SHOES,xl/media/image49.png,images/original/image49.png,images/thumbnails/IMG-050.png,418,225,Picture 36,,from R26C5 | to R35C10,1. Need jumping P/L at bottom if there's logo. | 2. Please add offset 0.3mm (clearance to leg) per side | 3. Arrange layout R-R and L-L and add flag on runner to make trimming process easier | 4. Tampo issue- Ensure gate position not at side area bookmask (will affect paint issue),Needs caption for text-only RAG,Visual reference for SHOES accessory standard. Add a precise engineering caption before production RAG.,"{""sheet"": ""SHOES"", ""media_path"": ""xl/media/image49.png"", ""anchor"": {""from"": {""col"": 4, ""colOff"": 571500, ""row"": 25, ""rowOff"": 47625}, ""to"": {""col"": 9, ""colOff"": 119474, ""row"": 34, ""rowOff"": 119}}}"
IMG-051,SHOES,SHOES,xl/media/image45.jpeg,images/original/image45.jpeg,images/thumbnails/IMG-051.png,474,358,Picture 29,,from R27C2 | to R35C5,1. Need jumping P/L at bottom if there's logo. | 2. Please add offset 0.3mm (clearance to leg) per side | 3. Arrange layout R-R and L-L and add flag on runner to make trimming process easier | 4. Tampo issue- Ensure gate position not at side area bookmask (will affect paint issue),Needs caption for text-only RAG,Visual reference for SHOES accessory standard. Add a precise engineering caption before production RAG.,"{""sheet"": ""SHOES"", ""media_path"": ""xl/media/image45.jpeg"", ""anchor"": {""from"": {""col"": 1, ""colOff"": 9525, ""row"": 26, ""rowOff"": 104775}, ""to"": {""col"": 4, ""colOff"": 161925, ""row"": 34, ""rowOff"": 66675}}}"
IMG-052,SHOES,SHOES,xl/media/image41.png,images/original/image41.png,images/thumbnails/IMG-052.png,577,809,Picture 10,,from R31C18 | to R52C23,1. Need jumping P/L at bottom if there's logo. | 2. Please add offset 0.3mm (clearance to leg) per side | 3. Arrange layout R-R and L-L and add flag on runner to make trimming process easier | 4. Tampo issue- Ensure gate position not at side area bookmask (will affect paint issue),Needs caption for text-only RAG,Visual reference for SHOES accessory standard. Add a precise engineering caption before production RAG.,"{""sheet"": ""SHOES"", ""media_path"": ""xl/media/image41.png"", ""anchor"": {""from"": {""col"": 17, ""colOff"": 553519, ""row"": 30, ""rowOff"": 8282}, ""to"": {""col"": 22, ""colOff"": 414485, ""row"": 51, ""rowOff"": 109610}}}"
IMG-053,SHOES,SHOES,xl/media/image51.png,images/original/image51.png,images/thumbnails/IMG-053.png,549,906,Picture 9,,from R33C29 | to R78C38,1. Need jumping P/L at bottom if there's logo. | 2. Please add offset 0.3mm (clearance to leg) per side | 3. Arrange layout R-R and L-L and add flag on runner to make trimming process easier | 4. Tampo issue- Ensure gate position not at side area bookmask (will affect paint issue),Needs caption for text-only RAG,Visual reference for SHOES accessory standard. Add a precise engineering caption before production RAG.,"{""sheet"": ""SHOES"", ""media_path"": ""xl/media/image51.png"", ""anchor"": {""from"": {""col"": 28, ""colOff"": 292678, ""row"": 32, ""rowOff"": 134216}, ""to"": {""col"": 37, ""colOff"": 34849, ""row"": 77, ""rowOff"": 190287}}}"
IMG-054,SHOES,SHOES,xl/media/image41.png,images/original/image41.png,images/thumbnails/IMG-054.png,577,809,Picture 28,,from R39C2 | to R48C6,1. Need jumping P/L at bottom if there's logo. | 2. Please add offset 0.3mm (clearance to leg) per side | 3. Arrange layout R-R and L-L and add flag on runner to make trimming process easier | 4. Tampo issue- Ensure gate position not at side area bookmask (will affect paint issue),Needs caption for text-only RAG,Visual reference for SHOES accessory standard. Add a precise engineering caption before production RAG.,"{""sheet"": ""SHOES"", ""media_path"": ""xl/media/image41.png"", ""anchor"": {""from"": {""col"": 1, ""colOff"": 47625, ""row"": 38, ""rowOff"": 23813}, ""to"": {""col"": 5, ""colOff"": 266700, ""row"": 47, ""rowOff"": 42863}}}"
IMG-055,PET(SEPARATE HEAD),PET(SEPARATE HEAD),xl/media/image57.png,images/original/image57.png,images/thumbnails/IMG-055.png,525,345,Picture 8,,from R3C14 | to R12C18,1. Put gate position on upper neck or body (not assy area) | 2. Use Z puller at main runner | 3. Ensure there are ejector's placed at sub runner | 4. Apply D shape pokayoke for neck + Groove,Needs caption for text-only RAG,Visual reference for PET(SEPARATE HEAD) accessory standard. Add a precise engineering caption before production RAG.,"{""sheet"": ""PET(SEPARATE HEAD)"", ""media_path"": ""xl/media/image57.png"", ""anchor"": {""from"": {""col"": 13, ""colOff"": 33618, ""row"": 2, ""rowOff"": 151280}, ""to"": {""col"": 17, ""colOff"": 386603, ""row"": 11, ""rowOff"": 29844}}}"
IMG-056,PET(SEPARATE HEAD),PET(SEPARATE HEAD),xl/media/image58.png,images/original/image58.png,images/thumbnails/IMG-056.png,609,383,Picture 31,,from R15C14 | to R27C18,1. Put gate position on upper neck or body (not assy area) | 2. Use Z puller at main runner | 3. Ensure there are ejector's placed at sub runner | 4. Apply D shape pokayoke for neck + Groove,Needs caption for text-only RAG,Visual reference for PET(SEPARATE HEAD) accessory standard. Add a precise engineering caption before production RAG.,"{""sheet"": ""PET(SEPARATE HEAD)"", ""media_path"": ""xl/media/image58.png"", ""anchor"": {""from"": {""col"": 13, ""colOff"": 33619, ""row"": 14, ""rowOff"": 39781}, ""to"": {""col"": 17, ""colOff"": 405654, ""row"": 26, ""rowOff"": 20731}}}"
IMG-057,PET(SEPARATE HEAD),PET(SEPARATE HEAD),xl/media/image59.png,images/original/image59.png,images/thumbnails/IMG-057.png,196,157,Picture 34,,from R15C14 | to R27C18,1. Put gate position on upper neck or body (not assy area) | 2. Use Z puller at main runner | 3. Ensure there are ejector's placed at sub runner | 4. Apply D shape pokayoke for neck + Groove,Needs caption for text-only RAG,Visual reference for PET(SEPARATE HEAD) accessory standard. Add a precise engineering caption before production RAG.,"{""sheet"": ""PET(SEPARATE HEAD)"", ""media_path"": ""xl/media/image59.png"", ""anchor"": {""from"": {""col"": 13, ""colOff"": 33619, ""row"": 14, ""rowOff"": 39781}, ""to"": {""col"": 17, ""colOff"": 405654, ""row"": 26, ""rowOff"": 20731}}}"
IMG-058,PET(SEPARATE HEAD),PET(SEPARATE HEAD),xl/media/image54.png,images/original/image54.png,images/thumbnails/IMG-058.png,450,407,Picture 6,,from R16C4 | to R23C11,1. Put gate position on upper neck or body (not assy area) | 2. Use Z puller at main runner | 3. Ensure there are ejector's placed at sub runner | 4. Apply D shape pokayoke for neck + Groove,Needs caption for text-only RAG,Visual reference for PET(SEPARATE HEAD) accessory standard. Add a precise engineering caption before production RAG.,"{""sheet"": ""PET(SEPARATE HEAD)"", ""media_path"": ""xl/media/image54.png"", ""anchor"": {""from"": {""col"": 3, ""colOff"": 15686, ""row"": 15, ""rowOff"": 127746}, ""to"": {""col"": 10, ""colOff"": 38100, ""row"": 22, ""rowOff"": 143492}}}"
IMG-059,PET(SEPARATE HEAD),PET(SEPARATE HEAD),xl/media/image55.png,images/original/image55.png,images/thumbnails/IMG-059.png,879,532,Picture 7,,from R16C4 | to R23C11,1. Put gate position on upper neck or body (not assy area) | 2. Use Z puller at main runner | 3. Ensure there are ejector's placed at sub runner | 4. Apply D shape pokayoke for neck + Groove,Needs caption for text-only RAG,Visual reference for PET(SEPARATE HEAD) accessory standard. Add a precise engineering caption before production RAG.,"{""sheet"": ""PET(SEPARATE HEAD)"", ""media_path"": ""xl/media/image55.png"", ""anchor"": {""from"": {""col"": 3, ""colOff"": 15686, ""row"": 15, ""rowOff"": 127746}, ""to"": {""col"": 10, ""colOff"": 38100, ""row"": 22, ""rowOff"": 143492}}}"
IMG-060,PET(SEPARATE HEAD),PET(SEPARATE HEAD),xl/media/image53.png,images/original/image53.png,images/thumbnails/IMG-060.png,557,416,Picture 2,,from R28C4 | to R34C6,1. Put gate position on upper neck or body (not assy area) | 2. Use Z puller at main runner | 3. Ensure there are ejector's placed at sub runner | 4. Apply D shape pokayoke for neck + Groove,Needs caption for text-only RAG,Visual reference for PET(SEPARATE HEAD) accessory standard. Add a precise engineering caption before production RAG.,"{""sheet"": ""PET(SEPARATE HEAD)"", ""media_path"": ""xl/media/image53.png"", ""anchor"": {""from"": {""col"": 3, ""colOff"": 1, ""row"": 27, ""rowOff"": 76200}, ""to"": {""col"": 5, ""colOff"": 999593, ""row"": 33, ""rowOff"": 161925}}}"
IMG-061,PET(SEPARATE HEAD),PET(SEPARATE HEAD),xl/media/image56.png,images/original/image56.png,images/thumbnails/IMG-061.png,276,252,Picture 30,,from R28C6 | to R37C9,1. Put gate position on upper neck or body (not assy area) | 2. Use Z puller at main runner | 3. Ensure there are ejector's placed at sub runner | 4. Apply D shape pokayoke for neck + Groove,Needs caption for text-only RAG,Visual reference for PET(SEPARATE HEAD) accessory standard. Add a precise engineering caption before production RAG.,"{""sheet"": ""PET(SEPARATE HEAD)"", ""media_path"": ""xl/media/image56.png"", ""anchor"": {""from"": {""col"": 5, ""colOff"": 822513, ""row"": 27, ""rowOff"": 60511}, ""to"": {""col"": 8, ""colOff"": 154324, ""row"": 36, ""rowOff"": 39780}}}"
IMG-062,PET(SEPARATE HEAD),PET(SEPARATE HEAD),xl/media/image60.png,images/original/image60.png,images/thumbnails/IMG-062.png,531,500,Picture 96,,from R28C9 | to R37C11,1. Put gate position on upper neck or body (not assy area) | 2. Use Z puller at main runner | 3. Ensure there are ejector's placed at sub runner | 4. Apply D shape pokayoke for neck + Groove,Needs caption for text-only RAG,Visual reference for PET(SEPARATE HEAD) accessory standard. Add a precise engineering caption before production RAG.,"{""sheet"": ""PET(SEPARATE HEAD)"", ""media_path"": ""xl/media/image60.png"", ""anchor"": {""from"": {""col"": 8, ""colOff"": 366554, ""row"": 27, ""rowOff"": 8233}, ""to"": {""col"": 10, ""colOff"": 169877, ""row"": 36, ""rowOff"": 165604}}}"
IMG-063,PET(SEPARATE HEAD),PET(SEPARATE HEAD),xl/media/image61.png,images/original/image61.png,images/thumbnails/IMG-063.png,548,516,Picture 97,,from R28C9 | to R37C11,1. Put gate position on upper neck or body (not assy area) | 2. Use Z puller at main runner | 3. Ensure there are ejector's placed at sub runner | 4. Apply D shape pokayoke for neck + Groove,Needs caption for text-only RAG,Visual reference for PET(SEPARATE HEAD) accessory standard. Add a precise engineering caption before production RAG.,"{""sheet"": ""PET(SEPARATE HEAD)"", ""media_path"": ""xl/media/image61.png"", ""anchor"": {""from"": {""col"": 8, ""colOff"": 366554, ""row"": 27, ""rowOff"": 8233}, ""to"": {""col"": 10, ""colOff"": 169877, ""row"": 36, ""rowOff"": 165604}}}"
IMG-064,SHOULDER CONNECTOR,Shoulder connector,xl/media/image65.png,images/original/image65.png,images/thumbnails/IMG-064.png,580,405,Picture 16,,from R6C1 | to R22C7,"1. Number of cav : 8 (23T) /16 (55T) | 2. Design Connector :
-Doom design : no need bump
-Hole design : 1 bump, 1 side only | 3. Runner type
-Auto : I shape
-Semi auto : H shape | 4. Please add stopper

Limit issue scratch
limit issue abuse",Needs caption for text-only RAG,Visual reference for Shoulder connector accessory standard. Add a precise engineering caption before production RAG.,"{""sheet"": ""Shoulder connector"", ""media_path"": ""xl/media/image65.png"", ""anchor"": {""from"": {""col"": 0, ""colOff"": 55111, ""row"": 5, ""rowOff"": 90343}, ""to"": {""col"": 6, ""colOff"": 443331, ""row"": 21, ""rowOff"": 18508}}}"
IMG-065,SHOULDER CONNECTOR,Shoulder connector,xl/media/image66.png,images/original/image66.png,images/thumbnails/IMG-065.png,338,524,Picture 20,,from R6C1 | to R22C7,"1. Number of cav : 8 (23T) /16 (55T) | 2. Design Connector :
-Doom design : no need bump
-Hole design : 1 bump, 1 side only | 3. Runner type
-Auto : I shape
-Semi auto : H shape | 4. Please add stopper

Limit issue scratch
limit issue abuse",Needs caption for text-only RAG,Visual reference for Shoulder connector accessory standard. Add a precise engineering caption before production RAG.,"{""sheet"": ""Shoulder connector"", ""media_path"": ""xl/media/image66.png"", ""anchor"": {""from"": {""col"": 0, ""colOff"": 55111, ""row"": 5, ""rowOff"": 90343}, ""to"": {""col"": 6, ""colOff"": 443331, ""row"": 21, ""rowOff"": 18508}}}"
IMG-066,SHOULDER CONNECTOR,Shoulder connector,xl/media/image67.png,images/original/image67.png,images/thumbnails/IMG-066.png,668,373,Picture 34,,from R6C1 | to R22C7,"1. Number of cav : 8 (23T) /16 (55T) | 2. Design Connector :
-Doom design : no need bump
-Hole design : 1 bump, 1 side only | 3. Runner type
-Auto : I shape
-Semi auto : H shape | 4. Please add stopper

Limit issue scratch
limit issue abuse",Needs caption for text-only RAG,Visual reference for Shoulder connector accessory standard. Add a precise engineering caption before production RAG.,"{""sheet"": ""Shoulder connector"", ""media_path"": ""xl/media/image67.png"", ""anchor"": {""from"": {""col"": 0, ""colOff"": 55111, ""row"": 5, ""rowOff"": 90343}, ""to"": {""col"": 6, ""colOff"": 443331, ""row"": 21, ""rowOff"": 18508}}}"
IMG-067,SHOULDER CONNECTOR,Shoulder connector,xl/media/image62.png,images/original/image62.png,images/thumbnails/IMG-067.png,453,577,Picture 14,,from R6C7 | to R26C10,"1. Number of cav : 8 (23T) /16 (55T) | 2. Design Connector :
-Doom design : no need bump
-Hole design : 1 bump, 1 side only | 3. Runner type
-Auto : I shape
-Semi auto : H shape | 4. Please add stopper

Limit issue scratch
limit issue abuse",Needs caption for text-only RAG,Visual reference for Shoulder connector accessory standard. Add a precise engineering caption before production RAG.,"{""sheet"": ""Shoulder connector"", ""media_path"": ""xl/media/image62.png"", ""anchor"": {""from"": {""col"": 6, ""colOff"": 567104, ""row"": 5, ""rowOff"": 132202}, ""to"": {""col"": 9, ""colOff"": 92701, ""row"": 25, ""rowOff"": 44782}}}"
IMG-068,SHOULDER CONNECTOR,Shoulder connector,xl/media/image63.png,images/original/image63.png,images/thumbnails/IMG-068.png,1029,379,Picture 26,,from R6C7 | to R26C10,"1. Number of cav : 8 (23T) /16 (55T) | 2. Design Connector :
-Doom design : no need bump
-Hole design : 1 bump, 1 side only | 3. Runner type
-Auto : I shape
-Semi auto : H shape | 4. Please add stopper

Limit issue scratch
limit issue abuse",Needs caption for text-only RAG,Visual reference for Shoulder connector accessory standard. Add a precise engineering caption before production RAG.,"{""sheet"": ""Shoulder connector"", ""media_path"": ""xl/media/image63.png"", ""anchor"": {""from"": {""col"": 6, ""colOff"": 567104, ""row"": 5, ""rowOff"": 132202}, ""to"": {""col"": 9, ""colOff"": 92701, ""row"": 25, ""rowOff"": 44782}}}"
IMG-069,SHOULDER CONNECTOR,Shoulder connector,xl/media/image64.png,images/original/image64.png,images/thumbnails/IMG-069.png,682,312,Picture 31,,from R6C7 | to R26C10,"1. Number of cav : 8 (23T) /16 (55T) | 2. Design Connector :
-Doom design : no need bump
-Hole design : 1 bump, 1 side only | 3. Runner type
-Auto : I shape
-Semi auto : H shape | 4. Please add stopper

Limit issue scratch
limit issue abuse",Needs caption for text-only RAG,Visual reference for Shoulder connector accessory standard. Add a precise engineering caption before production RAG.,"{""sheet"": ""Shoulder connector"", ""media_path"": ""xl/media/image64.png"", ""anchor"": {""from"": {""col"": 6, ""colOff"": 567104, ""row"": 5, ""rowOff"": 132202}, ""to"": {""col"": 9, ""colOff"": 92701, ""row"": 25, ""rowOff"": 44782}}}"
IMG-070,SHOULDER CONNECTOR,Shoulder connector,xl/media/image66.png,images/original/image66.png,images/thumbnails/IMG-070.png,338,524,Picture 113,,from R27C7 | to R42C10,"1. Number of cav : 8 (23T) /16 (55T) | 2. Design Connector :
-Doom design : no need bump
-Hole design : 1 bump, 1 side only | 3. Runner type
-Auto : I shape
-Semi auto : H shape | 4. Please add stopper

Limit issue scratch
limit issue abuse",Needs caption for text-only RAG,Visual reference for Shoulder connector accessory standard. Add a precise engineering caption before production RAG.,"{""sheet"": ""Shoulder connector"", ""media_path"": ""xl/media/image66.png"", ""anchor"": {""from"": {""col"": 6, ""colOff"": 360724, ""row"": 26, ""rowOff"": 120340}, ""to"": {""col"": 9, ""colOff"": 134471, ""row"": 41, ""rowOff"": 128560}}}"
IMG-071,SHOULDER CONNECTOR,Shoulder connector,xl/media/image67.png,images/original/image67.png,images/thumbnails/IMG-071.png,668,373,Picture 123,,from R27C7 | to R42C10,"1. Number of cav : 8 (23T) /16 (55T) | 2. Design Connector :
-Doom design : no need bump
-Hole design : 1 bump, 1 side only | 3. Runner type
-Auto : I shape
-Semi auto : H shape | 4. Please add stopper

Limit issue scratch
limit issue abuse",Needs caption for text-only RAG,Visual reference for Shoulder connector accessory standard. Add a precise engineering caption before production RAG.,"{""sheet"": ""Shoulder connector"", ""media_path"": ""xl/media/image67.png"", ""anchor"": {""from"": {""col"": 6, ""colOff"": 360724, ""row"": 26, ""rowOff"": 120340}, ""to"": {""col"": 9, ""colOff"": 134471, ""row"": 41, ""rowOff"": 128560}}}"
IMG-072,SHOULDER CONNECTOR,Shoulder connector,xl/media/image68.png,images/original/image68.png,images/thumbnails/IMG-072.png,859,496,Picture 169,,from R42C1 | to R55C7,"1. Number of cav : 8 (23T) /16 (55T) | 2. Design Connector :
-Doom design : no need bump
-Hole design : 1 bump, 1 side only | 3. Runner type
-Auto : I shape
-Semi auto : H shape | 4. Please add stopper

Limit issue scratch
limit issue abuse",Needs caption for text-only RAG,Visual reference for Shoulder connector accessory standard. Add a precise engineering caption before production RAG.,"{""sheet"": ""Shoulder connector"", ""media_path"": ""xl/media/image68.png"", ""anchor"": {""from"": {""col"": 0, ""colOff"": 82826, ""row"": 41, ""rowOff"": 82826}, ""to"": {""col"": 6, ""colOff"": 372718, ""row"": 54, ""rowOff"": 143061}}}"
IMG-073,ARM,Arm,xl/media/image70.jpeg,images/original/image70.jpeg,images/thumbnails/IMG-073.png,665,444,Picture 81,,from R9C1 | to R23C6,"1. No need KD | 2. Please add ribs on pocket connector | 3. Refference :
**Straight arm
4 set --> DVX72-Q601-16
**bent arm
4 set --> T7738-Q502-02
**bent&straight
2 set -->HJN31-U981-01 | 4. Matte surface finish",Needs caption for text-only RAG,Visual reference for Arm accessory standard. Add a precise engineering caption before production RAG.,"{""sheet"": ""Arm"", ""media_path"": ""xl/media/image70.jpeg"", ""anchor"": {""from"": {""col"": 0, ""colOff"": 0, ""row"": 8, ""rowOff"": 146477}, ""to"": {""col"": 5, ""colOff"": 470647, ""row"": 22, ""rowOff"": 174479}}}"
IMG-074,ARM,Arm,xl/media/image69.png,images/original/image69.png,images/thumbnails/IMG-074.png,654,621,Picture 82,,from R9C7 | to R40C16,"1. No need KD | 2. Please add ribs on pocket connector | 3. Refference :
**Straight arm
4 set --> DVX72-Q601-16
**bent arm
4 set --> T7738-Q502-02
**bent&straight
2 set -->HJN31-U981-01 | 4. Matte surface finish",Needs caption for text-only RAG,Visual reference for Arm accessory standard. Add a precise engineering caption before production RAG.,"{""sheet"": ""Arm"", ""media_path"": ""xl/media/image69.png"", ""anchor"": {""from"": {""col"": 6, ""colOff"": 68035, ""row"": 8, ""rowOff"": 140874}, ""to"": {""col"": 15, ""colOff"": 503165, ""row"": 39, ""rowOff"": 172071}}}"
IMG-075,VUM HOLDER,VUM Holder,xl/media/image71.png,images/original/image71.png,images/thumbnails/IMG-075.png,219,242,Picture 2,,from R7C1 | to R16C3,"1. Please create part cloose loop (doesn't colapse when rotate) | 2. Please ensure edge gate | 3. Please ensure holder dimension Ø5mm x 15mm length | 4. Please ensure part 1 times VUM, no separate sub runner",Needs caption for text-only RAG,Visual reference for VUM Holder accessory standard. Add a precise engineering caption before production RAG.,"{""sheet"": ""VUM Holder"", ""media_path"": ""xl/media/image71.png"", ""anchor"": {""from"": {""col"": 0, ""colOff"": 0, ""row"": 6, ""rowOff"": 85725}, ""to"": {""col"": 2, ""colOff"": 272561, ""row"": 15, ""rowOff"": 156146}}}"
IMG-076,VUM HOLDER,VUM Holder,xl/media/image72.png,images/original/image72.png,images/thumbnails/IMG-076.png,345,442,Picture 1,,from R7C3 | to R18C6,"1. Please create part cloose loop (doesn't colapse when rotate) | 2. Please ensure edge gate | 3. Please ensure holder dimension Ø5mm x 15mm length | 4. Please ensure part 1 times VUM, no separate sub runner",Needs caption for text-only RAG,Visual reference for VUM Holder accessory standard. Add a precise engineering caption before production RAG.,"{""sheet"": ""VUM Holder"", ""media_path"": ""xl/media/image72.png"", ""anchor"": {""from"": {""col"": 2, ""colOff"": 372990, ""row"": 6, ""rowOff"": 76201}, ""to"": {""col"": 5, ""colOff"": 160790, ""row"": 17, ""rowOff"": 178028}}}"
IMG-077,VUM HOLDER,VUM Holder,xl/media/image73.png,images/original/image73.png,images/thumbnails/IMG-077.png,348,638,Picture 9,,from R7C6 | to R19C9,"1. Please create part cloose loop (doesn't colapse when rotate) | 2. Please ensure edge gate | 3. Please ensure holder dimension Ø5mm x 15mm length | 4. Please ensure part 1 times VUM, no separate sub runner",Needs caption for text-only RAG,Visual reference for VUM Holder accessory standard. Add a precise engineering caption before production RAG.,"{""sheet"": ""VUM Holder"", ""media_path"": ""xl/media/image73.png"", ""anchor"": {""from"": {""col"": 5, ""colOff"": 266700, ""row"": 6, ""rowOff"": 19049}, ""to"": {""col"": 8, ""colOff"": 371740, ""row"": 18, ""rowOff"": 104775}}}"
IMG-078,ROTOHEAD,ROTOHEAD,xl/media/image74.png,images/original/image74.png,images/thumbnails/IMG-078.png,952,508,Picture 2,,from R1C1 | to R26C15,1 | 2 | 3,Needs caption for text-only RAG,Visual reference for ROTOHEAD accessory standard. Add a precise engineering caption before production RAG.,"{""sheet"": ""ROTOHEAD"", ""media_path"": ""xl/media/image74.png"", ""anchor"": {""from"": {""col"": 0, ""colOff"": 0, ""row"": 0, ""rowOff"": 0}, ""to"": {""col"": 14, ""colOff"": 532267, ""row"": 25, ""rowOff"": 75595}}}"
IMG-079,ROTOHEAD,ROTOHEAD,xl/media/image75.png,images/original/image75.png,images/thumbnails/IMG-079.png,972,466,Picture 3,,from R1C16 | to R26C31,1 | 2 | 3,Needs caption for text-only RAG,Visual reference for ROTOHEAD accessory standard. Add a precise engineering caption before production RAG.,"{""sheet"": ""ROTOHEAD"", ""media_path"": ""xl/media/image75.png"", ""anchor"": {""from"": {""col"": 15, ""colOff"": 19050, ""row"": 0, ""rowOff"": 104775}, ""to"": {""col"": 30, ""colOff"": 133350, ""row"": 25, ""rowOff"": 57150}}}"
IMG-080,ROTOHEAD,ROTOHEAD,xl/media/image76.png,images/original/image76.png,images/thumbnails/IMG-080.png,872,450,Picture 6,,from R27C1 | to R50C14,1 | 2 | 3,Needs caption for text-only RAG,Visual reference for ROTOHEAD accessory standard. Add a precise engineering caption before production RAG.,"{""sheet"": ""ROTOHEAD"", ""media_path"": ""xl/media/image76.png"", ""anchor"": {""from"": {""col"": 0, ""colOff"": 0, ""row"": 26, ""rowOff"": 104775}, ""to"": {""col"": 13, ""colOff"": 379962, ""row"": 49, ""rowOff"": 8989}}}"
IMG-081,C CLIP BOTTLE,C clip bottle,xl/media/image77.png,images/original/image77.png,images/thumbnails/IMG-081.png,145,264,Picture 1,,from R1C1 | to R7C2,Please make standardization c clip for Barbie dimension Skipper Toddler chelsea,Needs caption for text-only RAG,Visual reference for C clip bottle accessory standard. Add a precise engineering caption before production RAG.,"{""sheet"": ""C clip bottle"", ""media_path"": ""xl/media/image77.png"", ""anchor"": {""from"": {""col"": 0, ""colOff"": 0, ""row"": 0, ""rowOff"": 0}, ""to"": {""col"": 1, ""colOff"": 70757, ""row"": 6, ""rowOff"": 99682}}}"
